label,content
pos,Redmi Note 11 5G 天玑810手机收到了，包装的很好，这款手机是很不错的！买来给家里人用的，产品是很好的，外观不错，颜色也是很好看的。红米这款手机是真的漂亮，配置也挺高的，我觉得银色的外观特别靓，屏幕很大，而且音效还特别好。刚拿到就试了拍照，效果特别清晰！运行还挺快的，效果还是很不错的。手机的尺寸不算很小，但是屏占比挺高，R角看着也很舒服。中老年人用性价比高，反应灵敏，还送了手机壳，透明的手机壳就很好看。屏幕也很清晰，看起来很舒服。指纹解锁在侧边也很方便，总之妈妈很满意！我也超满意，这个手机还是很好的。感觉操作非常顺滑，像素密度很高，虽然摄像头数量不多，但丝毫不影响使用，绝对是性价比最高的一款千元机了，值得下手，还送了小礼物也非常不错！颜色也比较独特，渐变色的，充电速度超快的。手机拿在手里不大不小，也不是很沉的，挺方便的。
pos,手机很不错，天机810的，运行速度快，给爸妈买的， 老年人用用这个档位的真心不错，屏幕又大，拍照也清晰，一下子买俩，就是老是误触会自动下APP，这点很不好，外观造型艺术上也大，爸妈很喜欢?
pos,非常划算的一次京东自营购买体验，小米手机性价比很高，使用过后感觉速度很快，屏幕分辨率不错，运行速度挺快，双扬声器立体声效果好，和描述相符价廉物美！
pos,"外形外观：外观颜值不错，握持手感很好。摄像头处处理的比较美观。还有3.5耳机孔，完美。
屏幕音效：屏幕不错，丝滑，亮度挺好，显示效果挺细腻。
拍照效果：拍照不错，成像效果很好。体验不错。
运行速度：运行还行，挺快的。新机器感觉不孬。
待机时间：待机时间可以，毕竟5000的大电池。
其他特色：价格完美。"
pos,小米超级品牌日买的，比平常便宜了三百多，很划算！性价比很高，买来作为备用机的，刷个国际版系统，弄了下系统动画，超级壁纸，用起来很舒服！红米的性价比真的很高！值得购买！
pos,11 5 G天玑810 33 W Pro快充5000 mAh大电池6 GB..****8。SLui四PLUS 2021-11-17★★★由★1神秘黑境;6 GB+128 GB老爸手机不好用了，看到双十一优惠活动立马马就买了，可惜没货，等了几天终于到了，手机看着很大气，很是适合老年人用，自带的贴膜，还送的手机壳，非常的贴心!用起来也很流畅，拍照也很清楚!对于千元机来说，性价比非常高的手机!15秒15:40京东视频2说点儿什么呗~13口10凸
pos,好，很好，东西很不错，手机外观很漂亮，帮别人买的，物流超级快，外观外形很漂亮，颜色很好看啊；运行速度也不错，不错。
pos,"外形外观：机身很好看，外观颜色也很喜欢

屏幕音效：屏幕大小适中，适合女士，音效也不错

拍照效果：拍照效果不错，正常使用没问题

运行速度：比较流畅，不会卡顿

待机时间：正常使用一天多充电一次
其他特色：千元机里面很不错 适合老年人使用 唯一不好的是没有息屏显示"
pos,质量很好，使用方便，简单，价格便宜，实惠，1手感很好，很是喜欢，发货很快，对得起这价格，很赞
pos,快递很快，手机收到了，迫不及待的拆开了快递，特意选择黑色的，手机颜值很高，是想象中的颜色，很喜欢，上手感觉很不错，使用很流畅
pos,"选了好久选了小米的这款手机，质量很好，
外形外观：外观设计大气很喜欢
屏幕音效：屏幕很大，声音效果非常好很大接打电话声音很大，
拍照效果：拍照效果更是完美
运行速度：运行速度也非常快
待机时间：待机时间很长总之非常棒，买了不后悔。"
pos,"外形外观：外观很好，外形也没得说，给父亲买的。
屏幕音效：屏幕也很好，试用了两天不错
拍照效果：拍照也很好，这个价位拍照相当不错了
运行速度：试用了两天运行速度很快物美价廉
待机时间：待机时间很长刷视频啥的用一天还能剩一些电，玩游戏没试拿应该很好。
总得来说很满意"
pos,"小米手机就是不一样，一如既往的好用，我们全家人都是小米手机
外形外观：精致到极点，完美的体现
屏幕音效：大气的屏幕，极致的音效
拍照效果：完美的拍照，相当清楚。
运行速度：运行速度十分快速。"
pos,红米这款手机是真的漂亮！配置也挺高的，我觉得银色的外观特别靓，屏幕很大，而且音效还特别好！刚拿到就看了拍照效果特别清晰！运行还挺快，综合效果很好！喜欢红米！
pos,"千元级别的5 G手机?，性价比非常高，功能齐全，日常够用。
外形外观：大小适合，美丽动人。
屏幕音效：音响效果不错。
拍照效果：拍照清晰。
运行速度：非常不错。值得推荐。"
pos,"外形外观：外观高端大气上档次，质感比较轻
屏幕音效：音响效果也很棒
拍照效果：拍照图片清晰，惟妙惟肖
运行速度：运行流畅，玩大型游戏也毫无压力
待机时间：5000的大电池，待机效果很棒"
pos,"特别喜欢NOTE11这款手机，大屏幕，大电池，续航能力杠杠的。处理速度快，内存大。质量好,京东自营质量有保障，特别满意，物美价廉"
pos,在京东给妈妈买的是第三个手机了，一直都是在用小米手机，小米的品质值得购买，外观时尚大气，操作也方便，尤其是待机时间特别适合老人家用，而且还有快充可以使用。以后还会再购买小米产品。
pos,手机壳颜色不是纯黑的，有点偏墨绿色，但是很高级，颜色非常好看，像素也不错，手机使用很流畅，拍照效果很好，运行速度快。这个价位非常值得
pos,"外形外观：外形设计新颖
屏幕音效：屏幕看着舒服，有夜景模式，音效很好
拍照效果：拍照清晰，人像聚焦快，夜光拍照也不错
运行速度：运行速度杠杠的，打游戏一点也不卡
待机时间：待机时间长，配备33瓦快充，充电速度快
其他特色：有5g网络。支持双卡双待"
pos,这个手机已经用了2天了，说下真实感受，充电方面超级闪充有点厉害，0-100充满45分钟左右，非常的快，天玑810的处理器+60Hz玩王者和英雄联盟无压力，屏幕方面显示也是比较好的，对得起这个价格，后盖摸起来手感不错，扬声器也是左右都有，还是满意的！
pos,"外形外观：做工不错，全面屏视觉冲击很强，颜色也好看
待机时间：一天一充，轻度使用两天一充也行
运行速度：miui运行速度很快
拍照效果：中规中矩"
pos,"外形外观：很好，颜色很正。
屏幕音效：屏幕清晰，新手机就是好。
拍照效果：拍照清晰，还原度高。
运行速度：正常使用感觉很快。
待机时间：一天足够使用了。"
pos,"给家里人堂妹买的redmi note11，这个浅梦星河小丫头应该挺喜欢的，这手机的尺寸不算很小，但是屏占比挺高，R角看着也很舒服。
至于为什么买这款，妹妹刚高中，要求不高，聊聊天，查查网页就够了，这手机充电快，续航久，满足了。也不能太高端了，容易攀比心理"
pos,"这个手机己经用了几天，说下真实感受，充
电方面超级闪充有点厉害，0-100充满45分
钟左右，非常的快，天现 810的处理器 +60Hz
玩王者和英雄联盟无压力，屏幕方面显示也是
比较好的，对得起这个价格，后盖摸起来手感
不错，扬声器也是左右都有，还是满意的！"
pos,给家里的老人买的，使用的时候把字体调大一些，老人说使用很流畅。手机后盖很漂亮，完全可以满足老人的日常需求。买来当一个备用机也不错。
pos,"外形外观：外观好看，漂亮
屏幕音效：屏幕看起来很舒服，音效也是杠杠的
拍照效果：拍照效果很好
运行速度：运行速度也特别快
待机时间：充电一次可以用两天，完全够用"
pos,双十一活动优惠力度大，就给老爸买了，手机反应速度挺快的，老爸用着很喜欢，手机荧幕十分清晰，感觉特别好，手机电池耗电有些快，不过省着电用还是可以的，发热情况很好，玩游戏绝对不会卡，基本不发热，手机手感绝佳，机壳颜色也很不错，拍照还过得去。
pos,"外形外观：属于细长那种，很适合妈妈拿
屏幕音效：屏幕看着很舒服，也没有去研究什么屏，这个价位的手机也没必要去苛刻要求这些细节
运行速度：6+128老年人足够了"
pos,"外形外观：非常不错，很炫酷，有质感
屏幕音效：千元机，感觉已经非常不错了，性价比高
拍照效果：还可以吧，日常拍照完全没问题
运行速度：感觉运行流畅，现在还不错
待机时间：待机时间挺长的，电池容量挺大的"
pos,这几年一直用红米系列的手机，性价比也高，价格实惠很亲民，有个用了四年了除了卡点没毛病，内存小的原因，击鼓中了300券，买了256的，很划算，手机壳是渐变色的也漂亮，音响效果不错，拍照也行，不打游戏平常很够用了，总体不错，五六块，次日达。还送了个弹盖保温杯
pos,"好用 ， 非常适合。 买给父母的， 轻薄 、 颜色也很好看 
简单 的设计。 拿着不中 ，很好用， 父母非常喜欢 ！
物流很快， 送货上门，方便，会回购的哦。"
pos,"真的很不错，颜值非常高，给妈妈用的，
外形外观：漂亮
屏幕音效：很高
拍照效果：非常棒
运行速度：非常快"
pos,"外形外观：时尚、大气、美观，颜色适合女孩子使用；
屏幕音效：非常哇塞、音质明显高出同等价位手机；
拍照效果：非常好，画质清晰、堪比专业拍照手机；
运行速度：非常快，运行中大游戏无压力；
待机时间：还是很好的，毕竟有大毫安的电池。"
pos,"红米性价比神机
购买目的??

母上大人的手机原来使用的是红米5p，因为充电不行，所以在双十二考虑给她换个手机。在千元机里挑了几款对比了下，买了这款红米note11。

开箱体验??

 小米一脉相承的祖传三样，手机，充电器，充电线。配套一个清水外壳，手机出厂屏幕自带贴膜。

外观设计?

浅梦星河配色，后盖有点闪的，不过反正套手机壳，屏幕正面挖孔屏，摄像头在屏幕上方中间，整体感觉很棒，母上大人也很满意。

使用体验?

快充体验很好，这个配置给父母用，也完全够用。因为用习惯了miui的系统，所以换机后，并没有任何不适。不打游戏天机810芯片够用，6.6寸LCD屏幕，流畅，字体大。5000w主摄，拍照中规中矩，33w快充，告别电量焦虑。

购买推荐?

推荐有换机需求，或者备用机需求人群购买。

推荐指数?：十颗星"
pos,"这是我第二部红米手机造型也好，系统也好，还是外形颜值也好以及各种体验也好，非常非常不错。从此。就是小米粉！
外形外观：好看
拍照效果：过得去
屏幕音效：不错
运行速度：很好
待机时间：够了
其他特色：性价比高"
pos,"外形外观：颜色很好看。大小的话用起来刚好。屏幕占比大，很清晰
屏幕音效：音效可以。对音质没有特别追求完全够用
拍照效果：日常拍照足够，对焦快
运行速度：对于我来说不打游戏日常刷刷视频足够用了
待机时间：一天充一次足够了"
pos,"外形外观：外观很漂亮大气上档次
拍照效果：小果拍照效果很好
运行速度：速度很快很满意，已经用了一段时间，超赞！会回购还送了一款小米背包。"
pos,"真挺不错的 买这个备用机 昨天晚上买的今天中午就送到了
外形外观：很适合女孩子亮晶晶的
屏幕音效：很不错
拍照效果：挺好的
运行速度：挺快的"
pos,手机收到了，超级喜欢在京东自营店购物，物流速度快，而且正品有保障，时不时的搞一个促销活动，让利给消费者。手机是给家里的老人购买的，对性能要求不高。没有想到这款红米手机这么给力，外观漂亮，质感不错，屏占比挺高的，拍照效果清晰，系统操作流畅，还配了一个33W的快充，充电效率大大的提升。总之，物有所值，值得推荐购买！！
pos,给老爸买的，看了很久，对比了很多款，还是这款实惠配置同等的手机。双11下手还有优惠，确实很不错，老人家很喜欢。
pos,"手机收到啦  成色品控完美  握持感特别好  一点都不硌手  性价比很高  给家里老人用的
还有快充和5g  拍照质量也不错  小米性价比之王啊"
pos,"外形外观：还不错，小巧精致。挺喜欢的～
屏幕音效：屏幕还不错，不刺眼。音效挺好的，外放效果很棒。
拍照效果：拍照还过得去，照片不错。
运行速度：价格实惠，但配置不错，运行很流畅。
待机时间：做备用机够用了。电池还算耐用。"
pos,"外形外观：外形美观大方
屏幕音效：很不错
拍照效果：佳，清晰度高
运行速度：快
其他特色：大电量，玩游戏一天也不用充电，充电快，很实用，充电一次，一天无后顾之忧，赠送的透明手机套，包裹性好，完全保护屏幕，总之性价比很高"
pos,"直屏，用过曲面屏的才知道直屏是多么美好的一件事啊，直屏带来的更简单的做工，这样就能避免厂商明明做不好还偏要做的外壳，贴膜也十分方便。制品也没有误触，这一点在晚上躺床上看手机是十分明显。直屏还有很多好处。就连三星也回归了直屏和微曲面屏。
有极为先进的3.5mm接口。能用有线耳机是非常美妙的事情。有线耳机的音质，用极少的钱，就能换到相对较高的音质。电池也不错，解决了用电焦虑。
这个价格绝对没有问题，日常使用绝对没有问题。"
pos,买上已经用了一段时间了，感觉真的不错，外观大方漂亮，屏幕清晰，拍照效果也不错，运行速度快，非常棒的一款手机，孩子说超级好用，而且价格实惠，建议您如果要换手机选择这款不会后悔，主要是过年抢红包超级的快，每次都能抢到，哈哈哈！还有赠送的包，好看又实用！
pos,一直使用红米，从红米2A到现在的紅米11，使用了一个星期多了，很满意这款手机，屏幕清晰度非常好，触控各方面也灵敏，256的内存，性价比非常高，拍照效果也不错，値得拥有！
pos,质量很好，收到货第一时间打开看了，很不错，很满意，用着很流畅，不卡，外观也好看，再也不怕走在外面手机冻关机了，一天充电一次就行，可以到晚上下班回家，价格也可以，性价比高
pos,"外形外观：看起来很不错。
屏幕音效：比预想的要好很多，看起来很清楚。
拍照效果：是该有的水平。
运行速度：目前感觉比较流畅
待机时间：充电待机的时间都很不错的
其他特色：包装很精致。"
pos,颜值非常之高，手机颜色正是大宝喜欢的颜色，手机响应很快，试了下播放音乐，效果很赞，拍照效果也赞，物超所值
pos,"外形外观：高端大气上档次，
屏幕音效：屏幕分辨率高，大屏幕，看小说的好东西。"
pos,"外形外观：非常漂亮  精致  手感极好
屏幕音效：屏幕大  颜色鲜艳  刷新高
运行速度：非常流畅 一点不卡
拍照效果：拍照效果非常好 夜间拍摄也杠杆的"
pos,买给妈妈的生日礼物，小米的产品看起来很大气，外包装干净但不单调，内包装柔软而有质感，机子更是简洁而大气，超大屏幕，适合老年人看视频看新闻，电池容量大但是很轻，闪银背面超级绚丽，整体外观太美了。6G内存，5Ｇ频段，上网速度超快，关键是价格才1200+，太划算了，老年人用不二之选，强烈推荐！
pos,"第一次给家里长辈购买小米手机！
外形外观：浅色系，看着端庄大气
屏幕音效：屏幕特别大，适合长辈使用
拍照效果：拍照特别清晰，附带超广角
运行速度：超级快
待机时间：5000ma电池，很棒
其他特色：小米系统挺棒"
pos,"外形外观：外观设计风格非常好看，尤其摄像头地方很喜欢，整齐地
屏幕音效：屏幕音效清脆，没有杂音，声音清晰
拍照效果：像素可以，清晰明了
运行速度：运行8G，目前来说很流畅，很速度
待机时间：待机时间还可以，充电很快的
其他特色：不错?"
pos,"买给父母的新手机，换掉用了几年的老手机
待机时间：电池够大，续航持久
屏幕音效：屏幕很清楚
外形外观：这个配色太好看了
运行速度：非常流畅"
pos,"这个手机性价比特别高，给父母买了，非常不错，用的也很流畅，系统简单好用，总体非常不错！
外形外观：漂亮
屏幕音效：还可以
拍照效果：拍照效果很好
运行速度：很流畅
待机时间：不玩游戏可以撑很久！"
pos,"非常不错的，买了好久才来评价，就是用了感受一下。
外形外观：外观好看
屏幕音效：屏幕清晰，音效不错
拍照效果：拍出来的照片还是很清晰的待机时间可以
运行速度：运行速度非常不错，很快"
pos,开始是因为同事买了这款，试用了一下真的不错，然后就开始纠结选哪个颜色，后来偶然看见有个小姐姐拍了这个颜色的照片，哇～简直太美啦！果断入手，这个价格这个配置很合适！拍完转天就用上了，完美！～
pos,"手机外观好看，手感好，充电很快，颜色很好看，感觉很大气，内存大，屏幕看着很舒服。
拍照效果:好
电池续航:久
通信音质:佳
音量:       大
运行速度:快
显示效果:清楚。"
pos,待机时间长，色彩饱和度不错。颜值很高。送货很快。是正品。内存大，手感不错，很喜欢。谢谢店家送的小米水杯，很喜欢！高颜值
pos,"外形外观：外观大气，后置摄像头排布很好看
屏幕音效：屏幕很好，通透，分辨率够用
拍照效果：拍照还可以
运行速度：很快，90赫兹刷新率很丝滑"
pos,小米手机就是好使，性价比高，耐用，外观也很好看，屏幕高分辨率，像素也是没得说，内存容量大，充电速度很快，电池容量也是可以，运行速度快，比较喜欢，不管小米还是红米，都支持
pos,这是买的第二部红米手机，第一部是给妈妈买的，用着不错，又买了这部，给爸爸用，用了一周来评价一下。手机运行不错，内存128g，足够用了，比上一部手机快了很多，照相也很清晰。红米手机性价比很高呢。一如既往的支持国产手机！
pos,手机很不错，给老母亲买的，运行速度快，老年人用这个非常不错，屏幕又大，一下子买了俩，一个浅梦星河 一个微醺薄荷。
pos,"外形外观：外观、外形漂亮，美感很强、设计很好。
拍照效果：照片拍摄效果很好、满足日常拍摄需求。
待机时间：待机时间长、可以用一天、充电速度很快。"
pos,"外形外观：外观漂亮，十分美观。。
运行速度：运行速度很快，优化不错。
待机时间：待机时间很长，适合老人使用，作为备用机也不错。"
pos,行，很流畅，买来当测试机用的，也不需要那么大的内存，完全够用，反正马马虎虎就心慌，外观这个颜色很漂亮，特别喜欢的说，拍照效果也不错，运行很快
pos,"非常不错的购物体验！
外形外观：很漂亮很无敌～
屏幕音效：屏幕也是完好～
拍照效果：非常不错 千元机里面算很好的了～
运行速度：处理器很厉害！运行极快～"
pos,给妈妈买的手机。  手机颜色和颜值很不错，手感也很棒，总体来说比较划算。   给妈妈用挺不错的。   音质好，声音大，拍照一般。
pos,"外形外观：外形很漂亮，入手很惊喜
屏幕音效：屏幕大气画质清晰，是我喜欢的尺寸
拍照效果：拍照很清楚，不模糊
运行速度：使用起来不卡顿流畅
待机时间：一天充电一次"
pos,运行速度: 畅快 拍照效果: 清晰 续航能力: 很好 首先从外观图来看，1955.28302系列采用了全新的直角&ldquo;小立边&rdquo;设计，这个外观有点像是iPhone 13系列，看起来更加潮流具有个性，相信能够得到不少年轻人的喜爱。
pos,"昨天收到手机,立马就打开啦，款式很喜欢。手机运行流畅,打开软件速度快，下载软件速度快,拍照清晰。一天使用下来，电量感人,值得购买"
pos,"外形外观：大气，
拍照效果：好
屏幕音效：不错
运行速度：快
待机时间：长
其他特色：物流快，值得购买，非常满意的一次购物。"
pos,"外形外观：手机外观好看，设计的很棒。
屏幕音效：屏幕显示效果很好，手机音效也是yyds
拍照效果：拍照也不错，在这个价位里yyds
运行速度：运行速度的话还可以，能正常运行各种软件。
待机时间：待机时间是yyds
其他特色：手机有贴水凝膜还送了手机壳，不错。"
pos,京东物流很快，很好的购物体验。红米的这款手机很不错，买给家人的，据反馈，很不错，外观很漂亮，很有质感，适合女孩子，屏幕显示细腻，虽不是顶级处理器，倒也够用，电池很禁用，快充很快，用着很不错。
pos,"外形外观：很好看 大气高端时尚造型
屏幕音效：屏幕好 音效佳
拍照效果：很赞 跟34千手机差不多
运行速度：不卡顿 速度赞赞的
待机时间：很快 几乎不用等
其他特色：物流很快 不用等几天 点赞?"
pos,给老人买的，大小合适，握感不错，容量也挺大的。可以拍很多照片。屏幕挺大，速度流畅，相机拍照像素也很清晰。还送了透明套子，不错。客服态度也不错，有求必应，有问必答，推荐购买哦。
pos,"外形外观：好看，整体线条流畅
屏幕音效：高清，屏大
拍照效果：意料之外，真不错?
运行速度：非常快，"
pos,"产品次日就收到了，京东速度非常快哦，值得信赖。
外形外观：刚收到 就迫不及待打开看了下，背面有点带渐变色 特别好看，大小尺寸也合适 屏幕也大
屏幕音效：打开试了下音乐 ，音质清晰，声音也很大 ，可以同音响效果了哦，哈哈 特别推荐。
拍照效果：拍出来的照片特别清楚 感觉还有点美颜呢。特别喜欢 最近一直用来拍照啦
运行速度：新手机用起来肯定是不卡的 速度特别快 。后面不知道会怎样 到时等我回评吧"
pos,昨晚下的单今晚就到了快递小哥很礼貌，打开包装我惊呆了，这颜值这手感简直太棒了，进去界面也是眼前一亮，很流畅很哇塞，然后拍照的话也挺不错的，清晰而不失美感，计划在入手一部，总之满意的一次购物。
pos,"外形外观：选的这个黑色颜值很高，很好看
屏幕音效：双扬声器放歌音效很棒
拍照效果：还是挺清晰的，对相机要求不是很高
运行速度：速度很快，日常使用够了
待机时间：目前还是挺长时间的
其他特色：这个价格性价比很高了，还送手机软胶保护壳很好"
pos,一直用小米产品，这次是给老妈买的，感觉很好，用着很舒服，顺畅，特别是MIUI的系统有适合老人的功能。
pos,"外形外观：外观精美，
屏幕音效：音效非常棒，立体声感
拍照效果：拍照成像效果一流
运行速度：运行速度快
用机感受不错，手感刚刚好，值得购买的一部手机"
pos,"外形外观：很漂亮，闪闪的。
屏幕音效：屏幕很清晰，声音也没杂音。
拍照效果：来拍照效果一般化
运行速度：很快，
待机时间：长，
其他特色：小爱智能挺方便的

总的来说，很不错，物流快第二天就到了，送的玻璃杯也比想象中的好些，目前没什么问题，好评！"
pos,"手机质量非常好，做工精致，设计漂亮，使用起来很顺畅！！！
外形外观：直角设计，科技感很足！！！
屏幕音效：屏幕显示清晰，音效非常好！！！
拍照效果：满足日常使用！！！
运行速度：很顺畅！！！
待机时间：待机时间长！！！
其他特色：性价比很高，还送了水杯！！"
pos,外形颜色很漂亮 音效好听 拍照一般 待机时间还行 以购两个手机 用一段时间再看 五星好评
pos,Redmi Note 11 5G 天玑810手机收到了，不到⑤竡买的、闺蜜给的方法放评论图里了。包装的很好，这款手机是很不错的！手机很不错，天机810的，运行速度快，给爸妈买的， 老年人用用这个档位的真心不错，屏幕又大，拍照也清晰，小米手机性价比很高，使用过后感觉速度很快，屏幕分辨率不错，运行速度挺快，双扬声器立体声效果好，和描述相符价廉物美！
pos,"可以，很快，一千多块的手机很适合妈妈用，刚拿到手，就能玩王者荣耀，一点都不卡，挺好的，
外形外观：漂亮
屏幕音效：很大
拍照效果：还可以
运行速度：很快
待机时间：挺长时间
其他特色：下次再买"
pos,"外形外观：外观很时尚很好看很年轻有活力的感觉
屏幕音效：屏幕够用音质很棒棒
拍照效果：拍照清晰美颜很棒
运行速度：运行不卡很流畅
待机时间：待机时间挺长的"
pos,"很快就收到宝贝了，宝贝很不错 ，很棒，12点前订的货，17点多就收到了，物物流很给力～～很棒，很喜欢～～头回买小米的，以前听着口碑不错?，样子很好～
拍照效果：很好，试过了
运行速度：很快很不错
待机时间：不错
屏幕音效：挺好不错哒
外形外观：漂亮美观大方

值得拥有"
pos,"手机
外形外观：拿到手了吗非常漂亮，外观设计风格非常好看
屏幕音效：声音喇叭非常大
拍照效果：照片显示非常感谢
运行速度：非常860处理器主频"
pos,"外形外观：颜色很好看，有一点渐变色，在阳光下很不错！
运行速度：运行程序无压力，多开也没问题！
屏幕音效：屏幕颜色很好，色彩很正，声音也很清楚！"
pos,"外形外观：外形外观很不错
屏幕音效：这个价位很值
拍照效果：拍照效果还不错咯
运行速度：运行速度还可以
待机时间：正常使用一天一充就够了，看个人使用"
pos,"小米的中低端真的是业界良心山很不错，
外观好看
，待机时间长，拍照清晰，手感不错，色彩饱和度不
错，运行不发热，极速充电，饱和度不错，系统流畅
界面美观，屏幕很大，手机很好，分辨率高，电池
很耐用，像素很好，正品匆匆銦鈣劉 2"
pos,"外形外观：颜色好看，外形手感非常好
屏幕音效：父母很满意
拍照效果：颜色也不错
运行速度：很快
父母非常喜欢，爱不释手，音效很好?"
pos,买给家里老人的，****好用，页面流畅，声音和字体都可以调的很大，看新闻太方便了，上网看视频一点也不卡，外观造型也好看。
pos,不错的手机哟，玩游戏很流畅，吃鸡特别给力，一点也不卡顿，分别率也不错，能看得很清晰，送的水壶也很喜欢，哈哈哈！
pos,红米手机价廉物美，外形好看，尺寸手感不错，屏幕小美，音乐播放效果杠杠的，拍照效果高大上，待机时间长，放心使用，我也不玩啥游戏，值得推荐。
pos,"外形外观：做工精良，机身无缝隙，光滑如玉
屏幕音效：屏幕清楚，色差观感不错，音量大音色良
拍照效果：拍照可以满足日常基本需要
运行速度：速度快，无卡顿，比较满意
待机时间：大电池处理器省电，日常满负荷一天没有问题
整体推荐，物美价廉"
pos,买给妈妈的新年礼物，她非常满意，换掉了之前手里的小米6x，这个内存更大一些，外观也有很大的改进，本人自己也是用的小米手机，忠实米粉，不负众望。非常满意的一次购机体验。无论颜值，手机系统，流畅度，屏幕，摄像都很赞！
pos,红米Note11，配置够用，价格实惠，性价比超高，买手机还送了水杯超赞！小米出品必属精品！红米Note11值得拥有。
pos,"性价比特高的手机，一直也挺支持小米，浅梦星河，这颜色绝了，颜色渐变，下半边蓝色、金光闪闪，仿佛夜晚繁星点点，坠入梦幻般的太空一样!惊讶到我了，它的大小，到手后发现比我在用的华为p30p还要高- -些,显示像素高，很清晰，这颜值，这价格，这运行速度等完全对得起它了!很喜欢，京东是我买手机呢首选，一直在这边购买，信得过!"
pos,"外形外观：黑色很好看，耐用不过时
屏幕音效：屏幕清晰，运行流畅，妈妈超级喜欢
拍照效果：像素很好，对只是视频拍照来说，完全够用
运行速度：小型游戏很ok，刚开始用。还是挺满意的"
pos,"拿到手做个开箱评测，正面是一块6.6英寸LCD挖孔屏，屏幕素质相当不错，拥有2400*1080的超高清分辨率，并支持90Hz刷新率，它也是这个价位为数不多的高刷手机。

实际的显示效果通透细腻，文字显示清晰锐利，视力不是很好的长辈在室外强光环境下也能看得清清楚楚。

影像方面，后置5000万高清主摄+800万超广角，这颗主摄还是十分给力的，无论是拍照还是拍视频，成像效果都很出色，解析力不错，色彩和细节还原的也很真实，完全可以满足日常的使用需求。

性能方面，它搭载的是6**工艺制程的天玑810处理器，另有多层石墨散热系统加持，安兔兔跑分近40万分。

我经常用它吃鸡，各项操作响应迅速，画面也很清晰流畅，玩起来很顺手。

虽然配备了一块5000mAh的大电池，但重量却控制在200g以内（195g），机身厚度约8.75mm，配合圆角的中框，握持感极为舒适，即便长时间畅玩，手腕也毫无压力。"
pos,这款手机挺不错的，物美价廉，配置满足日常需求，像素也很好，在千元机里面考虑了很久选择了这款手机，家里人用了非常满意，非常喜欢。
pos,"外形外观：非常的具有科技感。摸起来非常舒服
屏幕音效：音效刚刚的，非常适合老年人使用
拍照效果：一般般，不怎么拍照
运行速度：MIUI系统，普通罢了
待机时间：非常的耐用哦，使用时间很长"
pos,红米note11手机收到货马上拆封拿来用了，包装很好，昨天买第二天中午就到货了，很爽，小米的手机感觉越做越好了，屏幕也够大，自带了一些App，自己再下载常用的App，看视频也可以，感觉一千多块挺好的了！
pos,很不错，很快就收到货了，是买给家人用的，外观靓丽，颜色时尚好看，大小合适，性价比很好， 装好卡后试用了一下，速度很流畅，拍照效果也很不错。而且还是5G的，红米手机真的值得信赖
pos,"外形设计新颖。屏幕看着舒服，
有夜景模式，音效很好。拍照
清晰，人像聚焦快，夜光拍照
也不错。运行速度杠杠的，打
游戏一点也不卡。待机时间长，
配备 33瓦快充，充电速度快。
有5g 网络。支持双卡双待。"
pos,"外形外观：白色的后壳特别好看，买给女性用特别合适！
屏幕音效：屏幕很细腻，因为给父母用。他们调成特别大的字体了。
拍照效果：拍照一般，只有俩后射。
运行速度：运行流畅，使用了几天，出现了一次常用软件栏卡顿的情况，重启后才恢复。
其他特色：充电快，33W快充！"
pos,"外形外观：时尚美观???
屏幕音效：高清大屏，音效不错???
拍照效果：足够满足日常拍摄???
运行速度：运行畅快???
其他特色：侧键指纹解锁设计和33W快充很赞???

作为米粉，国产手机只会买小米???

京东物流配送快速，隔日送达???"
pos,手机已经收到，包装的很严实，做工精细，质量非常好，实物与图片中描述的一致，真的很喜欢，完全超出期望值，总之是相当满意的一次购物！
pos,给孩子买的日常拍照用手机，终于等到双十二下单，不过也没便宜多少，毕竟是新品，手机不错，配置挺高的，镜头参数对小孩子来说可以了，孩子拿到很开心，每天都会拍很多照片和视频，也会自己编辑，看到孩子这么高兴，我当然成就感满满啦，京东自营，品质保证，值得信赖，物流也很快，满意
pos,买给父母的，父母收到很高兴，以前他们的手机很卡，但是又舍不得买，看到双十一活动我就偷偷买了两个，屏幕很大，运行速度很快，第一次买小米手机，果然没有失望
pos,"外形外观：外形很好，拿起来手感可以，很舒服
屏幕音效：屏幕用起来很顺畅
拍照效果：照片拍出来还可以，在一千来块手机中是可以的了
运行速度：运行速度因为是刚拿到手，速度还是很快的
其他特色：第一次买小米，感觉还是不错的。"
pos,现在用小米手机很不错，这一款红米颜值很高，买回来给老人用，很不错，配置够老人用了，颜值抗大，用一段时间再过来评论。运行速度快，拍照看着还可以。京东物流很快。
pos,"外形外观：比较大气，单手操作比较困难
屏幕音效：屏幕非常清晰，音效不错
拍照效果：拍照像素极高
运行速度：运行速度快，毫无卡顿"
pos,"外形外观：简约时尚 很梦幻的感觉
屏幕音效：屏幕色调柔和 双扬声器音质很好
拍照效果：拍照色彩鲜艳 防抖设计 很好用
运行速度：运行没得的挑8+128 很够用
待机时间：目前待机时间一整天没问题"
pos,岩石黑好看，沉稳大气，手机电量耐久比果子强，充电速度也还行，屏幕清晰分辨率高，运行流畅不卡，游戏不发热卡盾，很强相机扫码也没问题
pos,有活动抢得红米note 太香了！！因为工作原因需要两部手机这部作为备用机，简直不要太划算，功能完善。屏幕清晰，质感非常好，刷新率也满足我的需求。大小刚刚好，一个手可以握住。还附送了保护壳，面面俱到太贴心了。性能方面也不在话下，完全满足了日常需求。处理器性能不错，反应速度灵敏，充电速度也很满意。准备在给家人入手一台。
pos,"外形外观：外观很漂亮，符合我们年轻人
屏幕音效：屏幕嘎嘎好用，很舒服的屏幕
拍照效果：拍照，不要讲了，太棒了
待机时间：待机？两天不充电，没事
其他特色：嗯，大屏舒服，打游戏贼带劲
运行速度：运行速度：嘎嘎，流畅很舒服"
pos,"外形外观：外观精美，手机很薄，手感舒适。
屏幕音效：屏幕显示非常细腻。
拍照效果：拍照非常清晰。
运行速度：给别人买的，不玩游戏，运行顺畅。
待机时间：待机时间很长。
其他特色：整体上手机很漂亮，颜色好看，一点也不厚重。好评好评啦！赠品一个包，哈哈！"
pos,"给长辈买的 长辈很满意
外形外观：外形很时尚
屏幕音效：营销很棒
拍照效果：拍照效果很好
运行速度：运行速度很快
待机时间：待机时间挺长的
再送个手机壳就更好了?"
pos,"一直是小米的忠实粉丝，继续加油，！
拍照效果：不错。
外形外观：可以
运行速度：很快
屏幕音效：很舒服

其他特色：以后还会购买哟。。。。。"
pos,"外形外观：外形太酷了，屏幕大，很好！
屏幕音效：屏幕显示清晰细腻，大屏幕爽歪歪！
拍照效果：没啥感觉，能拍出来就OK！
运行速度：快，真的快，确实不卡，天玑稳！
待机时间：5000MA的大电池不是吹的，太持久了！"
pos,"外形外观：外观非常靓丽，浅梦星河太好看了。
屏幕音效：声音效果很好，屏幕显示很惊艳。
拍照效果：自拍照很美，5000万像素也够用了。
运行速度：手机反应速度很快，运行非常流畅。
待机时间：待机时间很长，用满满的一天还有很多电"
pos,相信京东，信赖京东，宝贝收到了，还没有用，先来个好评，小米手机，大品牌值得信赖，性价比高，颜色也漂亮，配置也不错，包装很好，没有破损，物流也很快。
pos,质优价廉物美值得拥有这款手机 支持支持支持国货 手机充电快 使用流畅 性能优 照相图片清晰！
pos,非常不错，外观漂亮，手感舒服，待机时间长，运行速度快。物美价廉，很喜欢，发货快，快递神速，感谢快递小哥，送货上门。五星好评?
pos,"外形外观：外形青春靓丽，很有吸引力
屏幕音效：屏幕音效都很棒，清晰
拍照效果：拍照像素很高，不抖
运行速度：运行速度挺快的，不输给其他旗舰机
待机时间：待机时间长，一天一充没问题
其他特色：性价比很高"
pos,"外形外观：现在国产手机的外观越来越好看了，后面的那个板很哇塞
屏幕音效：屏幕很亮，尤其是音效果不错，扬声器很响，老人家也能听见
运行速度：超级的享受，太快了，出乎我的意料，一点也不卡
买给老人用的，很不错，的选择"
pos,这是我购买的第五部小米品牌的手机了。自从在五年前购买过一次小米手机以后，就深深的爱上了这个品牌。因为它的性价比非常的高。而且用上两三年，也不会卡顿。一般要换手机的原因，第一就是电池不耐用了，第二就是内存不够了。所以就这样子，对比了多种机型以后，慢慢的还是小米最耐用，最实用。果然，雷布斯的那句话说的很对，只为发烧而生，让平民百姓用最好的性价比，用上智能手机。我再次强调其他品牌的手机，除了苹果以外，都只能管个一年或者一年半就会卡的用不了。小米手机真的值得信赖。
pos,"外形外观：外型中规中矩，买给老丈人用的，老人挺喜欢的。
屏幕音效：屏幕够大，清晰度非常ok，千元级别中算可以了。
拍照效果：5000万高清双摄，比原来的拍照好多了。
待机时间：5000毫安大电池，加33瓦快充，续航无压力，不玩游戏，手机运行没问题。京东自营给力。好评"
pos,红米11、5 G手机质量很好，颜色漂亮，电池5000超大、够用，速速很炔，待机时间长，非常喜欢，我们全家都喜欢用红米手机，用过几代了，换机移机特别方便，以后换手机还是继续用红米手机，特别棒。
pos,"外形外观：外观好看，黑色稳重大气，整体圆润不卡手
屏幕音效：屏幕大，开机后拍照清晰，流畅不卡顿
待机时间：充电速度很快，快充头基本上半小时就快充满了，可以使用较长时间，后续还需要持续观察
拍照效果：拍照色彩饱满，图片清晰"
pos,8加128g也只有红米性价比能达到这样，入手很沉，用起来还是很流畅的，起步用这个绝对够够的非常棒啊，很喜欢这种质感，小米一直在使用下次再给家里人再配一个。哈哈太开心了，忍不住先玩了一局游戏很不错哦。
pos,"现在来说，还很不错，
外形外观：漂亮美观，大小合适。
屏幕音效：正点。
拍照效果：咔咔的。
运行速度：唰唰的。
待机时间：长长的"
pos,发货快，头天下单，第二天就收到了，非常好，外观闪闪亮亮的，非常漂亮，内存大，充电快，支持多开应用，非常流畅，拍照很好。目前觉得非常满意。
pos,红米手机确实名不虚传，我的定位是不玩游戏，不拍照片。选择了很久选择这款，性价比非常高。无论是打电话，看新闻，刷抖音，听音乐，运营非常流畅，手感和操作感也非常舒服。赞，支持红米越来越好！
pos,"好用的很，用了10来天了，稳定，性能良好，拍照也清晰！
拍照效果：佳
屏幕音效：杠杠的
外形外观：漂亮
运行速度：快"
pos,"买了两个给父母，特别好用，又很实惠，性价比很高，系统简单易操作，非常好，特别好用！
外形外观：漂亮大气
屏幕音效：音效还可以
拍照效果：拍照效果不错
运行速度：运行流畅
待机时间：玩游戏也很续航"
pos,买了两个，都是给家人的，家人很喜欢??。这款手机不错，外观漂亮，内存大，待机时间长，充电快，拍照效果不错。
pos,真是千元神机啊，功能强大，系统非常流畅，材质好，手感佳，内存大，网速快，信号强，又大屏，真是吃鸡的一把好手。
pos,"外形外观：非常年轻时尚 很喜欢
屏幕音效：音效非常的好，老妈使用非常的不错
拍照效果：拍照效果完全适合老人家的日常使用"
pos,手机收到，觉得很不错，我不玩游戏，这部手机完全适合我使用，一点不卡，屏大，充电很快，性价比高，非常满意。
pos,一直在京东自营店买手机  质量有保证   售后也有保证  拍摄的效果很好     小米手机质量可以
pos,"趁着年货节便宜，给家里买了三台，一家三口一起来使用，性价比很高，价格也很便宜，质感还有品控都很不错。
外形外观：这个颜色的实物机器很漂亮，很喜欢。
屏幕音效：屏幕素质很高，很不错。
运行速度：运行速度也很快，应用都是秒开。"
pos,"手机运行速度很快，电池容量大,像素高，拍照超清晰，性价比高,手感外观非常好,通信音质很好外放喇叭音质不错、运行速度流畅,不卡顿屏幕显示很清晰,特意用了一段时间才来好评,总体来说都很满意"
pos,"给老人用的，屏幕感觉象60HZ的不够顺滑，价格在1000
元性价比更高，会给五星。机身颜色很好看，没多余摄像
头，简单的使用机子。"
pos,真的是小钢炮，Redmi品牌真的是做到了极致性价比，这屏幕，这音响，这照相素质，这大电池容量和充电速度，在千元档机型，真的是绝对是排名靠前的高性能手机！作为普通备用机，绝绝子了！更不用说给长辈使用，杠杠滴！！！
pos,千元系列的红米手机，拿在手上质感挺好的，背后的黑色颜色看起来很高级！价格实惠，电池耐用，推荐！
pos,虽然是4G手机，但是速度上，运行上和五级手机没有差距的，而且现在小城市5g信号还没有普遍，所以说4G手机也是性价比非常高的。而且价格上也有很大的优势，很满意，很不错
pos,终于收到货了，非常非常喜欢，做工精致漂亮，质量很好，收到货第一时间打开看了，很不错，很满意，宝贝和介绍的一样，质感很好，功能强大，用了感觉不错。
pos,"配送速度很快。手机不错，给父亲买的，价格便宜，老人使用足够了。希望多搞活动。恩，不错。
外形外观：黑色的不错。
屏幕音效：屏幕音效不错。
拍照效果：清晰，拍出来很好。
运行速度：很快。"
pos,昨天下单，本以为要到29号才能到，没想到今天就到货了，快递师傅打电话给我的时候，我真的难以置信，整理好情绪后，还是很高兴的去站点拿到了货，毕竟能在春节到来前换上新机，真的是件令人高兴的事，所以迫不及待就向快递站点小哥要了刀拆开包裹查看是否破损，没想到很厚实，包装也很精美，拿在手里分量正好，屏幕大，看的清，关键给爸妈用真的足够了。
pos,买了两次了，这款手机很适合给家里长辈来用，屏幕大，电池容量也大，不玩游戏的话完全可以满足一天的日常使用，而且外放的声音也大，最主要的是还有3.5毫米的耳机孔！
pos,买给老妈用的 性价比很高 内存大 屏幕也大 芯片也算是中端芯片 电池容量是我最看中的 老妈之前那台已经用了3年了 正好发了工资 就给老妈买了 老妈很喜欢
pos,"双十一活动，价格划算，又是新机，性能相当好，配置也很棒。
买的256g大小应该足够了，8g的内存也能支撑大多数的应用。
惊喜的是还贴了贴膜和送了背壳，还是不错的。"
pos,"外形外观：外观漂亮，后壳很闪很亮！
屏幕音效：屏幕音效：对于 这个价位的手机来说，屏幕效果很不错，声音也能调很大，适合老年人使用。
拍照效果：拍照一般，日常使用够了
运行速度：调90hz刷新率后，很丝滑；
待机时间：待观察
其他特色：算是千元机里很不错的了"
pos,"外形外观：神秘黑看起来就很酷很神秘
屏幕音效：屏幕素质还可以老人用足够
拍照效果：拍照清晰流畅
运行速度：运行速度还挺快的打点小游戏也不卡"
pos,"外形外观：非常漂亮，尤其后壳，个人感觉握起来非常舒服
屏幕音效：90HZ屏幕刷新很好，很流畅
拍照效果：拍照还可以接受，平时也不怎么用
运行速度：运行流程
待机时间：还没感受，不过5000的电池应该差不了"
pos,老妈很喜欢。性能强大，拍照片很不错，最大的优点就是电池容量大，不需要经常充电，充一次用两天，很实惠，老人用很合适。
pos,买来送妹妹的，她那个旧了，不好用，上高中了，这个机子刚好适合她，在实体店卖挺贵的，这个刚刚有优惠就买了，在京东平台买手机我放心，看了是全新未激活，物流也很快送到了，给她一个惊喜
pos,手机很不错，性价比也很高，老米粉了，家里基本上都是小米的产品，这次买给长辈用的，很适合，这手机如果不玩大型游戏，日常使用也不错，续航、充电都很给力
pos,"外形外观：美观大气
屏幕音效：音响效果很赞，杠杠的
拍照效果：清晰完美
运行速度：快速
待机时间：够用一条的"
pos,天津疫情后，是京东一直坚持在给我家送各种生活物资，非常感谢京东商城和快递大哥，红米note11这款手机性价比非常不错，速度嗖嗖的快，拍照像素也不错，家里老人很满意，发货非常快，配送非常迅速，非常方便。
pos,没想到会有这么好的性价比的手机，手感很好，大小和重量也非常合适，显示的效果也不错，毕竟价格摆在那里，目前一些轻应用速度也很快，拍照效果也过得去。
pos,"外形外观：颜色还是比较漂亮的，大方美观比较适合女孩子用。
屏幕音效：音效也相当可以。
拍照效果：拍照效果非常不错，满足日常需要。
运行速度：运行速度比较满意。
待机时间：待机时间也还可以。
其他特色：整体来说作为千元级还是不错的。"
pos,非常喜欢，爱不释手啊，手感非常不错，屏幕比例好，爸妈用习惯了小米、红米，都说很喜欢，颜值一流，操作更是相当流畅，满意
pos,"外形外观：外观协调好看。拿在手里刚刚好

屏幕音效：屏幕是1080P的。画面清晰亮丽。

拍照效果：拍照效果杠杠的。
运行速度：得益于芯片的厉害，同时开几个软件都不会卡。运行速度稳稳的。

待机时间：待机时间一般使用一天是没有问题的。充电速度也很快
京东物流也很给力，不到24个小时就拿到手了。"
pos,"外形外观：外观非常漂亮，白的绝绝子！
屏幕音效：屏幕非常完美。堪称一绝！
拍照效果：拍照特别棒！
运行速度：运行速度特别快
待机时间：一晚上几乎不费电，很好！
其他特色：总的来说特别完美！！！"
pos,"红米note11性价比很高，屏幕够大，惊艳，看视频很爽。
摄像头很棒，能应付正常拍照，够用就行?，
这个小米的系统也很流畅，自用，给长辈用都可以"
pos,色彩饱和度很完美   极速充电。待机时间长。 外观好看。 手感不错。下午下单第二天就送到了。物流很给力太快了！
pos,简直太好用了，只能用完美来形容！强烈推荐！京东配送转天就到了，手机运行流畅，外观也很漂亮，充电速度也很快。
pos,"外形外观：采用最新的设计语言，比之前的系列更加简洁，符合当下的审美
屏幕音效：立体声，两个扬声器分别在手机两头，环绕声明显
运行速度：完美运行王者荣耀，LOL手游，原神。"
pos,"外形外观：很漂亮
屏幕音效：音质很好
拍照效果：效果很逼真
运行速度：很快，非常棒
物流速度绝了，第二天就到了，没有手机时间最多一天"
pos,"年货节的活动优惠力度很大，还抢到了大额的小米优惠券，一下凑单买了三台，家里人一人一台安排的明明白白。
外形外观：外观很不错，颜色最好看。
拍照效果：拍照很好看，很清晰。
运行速度：运行速度很快。
待机时间：待机很长。"
pos,"拿到note 11使用一段时间了，总体给人的感觉还是很满意的，续航日常听听歌看看视频可以用两天，重度使用也能用一天，支持快充，充电速度也很快，用起来很顺畅。
拍照效果：拍照还是很清晰。
外形外观：颜值还是很高的，正面水滴屏，可视空间很宽。
待机时间：可以用一天没压力。"
pos,趁着前几天的活动，给老妈买的，感觉非常不错啊，父母很喜欢，性价比也很高，自己备用机也是用的红米11pro，配置方面足够老人用了，又是5G机。京豆加上活动优惠，还挺划算的，老年人用个几年肯定是没问题的。
pos,"外形外观：高端大气上档次。
屏幕音效：大屏，听音乐刚刚的
拍照效果：清晰，高像素，放大不失真。
运行速度：嗖嗖的，不卡顿。
待机时间：长。两天天一充足够了。"
pos,用了快2个月的手机了 很不错 给家里老人买的 充电快 顺滑流畅 容量也大 老人很满意的
pos,"外形外观：简洁大方，现代美观
屏幕音效：屏幕大而且清晰，分辨率高，音响效果好
拍照效果：拍照清晰方便，功能多
运行速度：速度很快
其他特色：性价比很高"
pos,"我自己用的 mi10,这个手机给家里人买来用的，但是我觉得也比较适合学生党，外观颜值很时尚，机身手感也不错，运行内存配置都可以，值得购买，还送了一个小米的双肩包！很不错！"
pos,手机很好用，运行速度快，用起来很流畅，外观漂亮，发货快，包装严实，商品质量非常好，客服服务态度也特别好，好评。
pos,外观干净漂亮，做工很不错，没发现什么瑕疵，个人感觉大小也挺合适，找了很久选的这款，大爱！搞活动买的，还送了个小米的背包，不错不错
pos,买给家里老人用的，现在都是智能化，老人也要跟上时代，收到产品非常惊喜，大屏幕还自带手机膜，特别贴心，外观看起来高大上，用过会追平的
pos,"外形外观：高端大气上档次，看起来挺豪华
屏幕音效：屏幕也可以高刷，可以的
拍照效果：拍照也特别清晰
运行速度：打起游戏来完全不卡哦
待机时间：充一次可以用一整天
其他特色：很实惠，性价比挺高的"
pos,"外形外观：美观大方大气
屏幕音效：音效特别好
拍照效果：很清晰
运行速度：快
快过年了不知道送妈妈什么，想到妈妈的手机该换了，就在网上看各种手机的测评，看到这款红米手机，很惊艳，性价比很高，颜色也非常的好看。妈妈看到之后特别的喜欢这款手机，考虑这款手机的朋友不要犹豫啦，抓紧时间入手"
pos,"外形外观：屏幕很清晰，黑色很酷炫
拍照效果：不错不错
屏幕音效：音色不错
运行速度：无敌流畅，已经使用好几天没觉得有卡顿任何，充电无敌快。"
pos,"手机收到了，质量很好，很喜欢这个手机。帮寝室大姐买的，活动力度很大。有优惠券可以用，值得购入。
屏幕音效：很好
拍照效果：很好
外形外观：喜欢的颜色
运行速度：很快
待机时间：时间很长"
pos,"买了两台，一个黑色一个浅色，正好配情侣款了。直接寄给爸妈的，还不错，现在出厂直接贴膜的，也有手机壳，很贴心，不用再着急买手机壳和钢化膜了。拿到手就可以用。颜值也不错，性价比也还可，至于CPU，对爸妈来说应该是够用了。
京东自营，物流自是没话说，非常赞??。"
pos,"外形外观：外观大气上档次
屏幕音效：音质很好，声音很大
拍照效果：很清晰，像素高
运行速度：非常快，90赫兹显示效果明显
待机时间：暂时待观察
其他特色：性价比高，给老母亲用绝对没问题"
pos,"外形外观：浅梦星河非常适合女士使用，漂亮大气
屏幕音效：屏幕清晰度高，刷新率高
拍照效果：像素一般，给父母使用完全没问题
运行速度：不卡顿，基本流畅"
pos,"外形外观：颜值超高
屏幕音效：清晰
拍照效果：清晰
运行速度：可以
其他特色：配色绝了
待机时间：充电快"
pos,"手机收到了，质量很好，外观大气。性价比非常高，很适合中老年人使用，好看经济又实惠。妈妈很喜欢，推荐大家购买哦。
拍照效果：一般般
外形外观：好看
屏幕音效：很好
运行速度：一般"
pos,"红米11  真香，以前都用的360手机，今年广告越来越多，简直再给用户喂屎，我再说一遍360公司流氓，360手机更是垃圾中的战斗机，不把用户当人，怪不得他们手机没做起来，黄的好，好的呱呱叫，
红米11确实性价比高，千元机里首选推荐，我在公司又有网络可以划水墨鱼了"
pos,买给家里老人用的，现在千元机配置都这么能打了，5000mA电池，33w充电器，90hz高刷屏，简直不要太强大，给老人家用妥妥的超配了。手机触感和屏幕反馈很好，lcd屏幕对眼睛好，买的很值，老人家喜欢。小米真是性价之选。
pos,"外形外观：手机外观很好看&hellip;&hellip;买来给老人用！
屏幕音效：手机屏幕摸的很舒服、音质效果不错！
运行速度：手机运行速度快！感觉可以！
其他特色：物流公司发货也很快，而且送的杯子很实用！"
pos,外观颜值高，款式时尚，运行速度快，手机电池容量大，充电超级快，拍照效果不错，屏幕音效也很好，性价比超高，强烈推荐！
pos,手机下单第二天就收到了，是给妈买的，这次运存和运存够大，运行速度很快，手机画面很好看，清晰度很高，也是高刷，性能够强。手机整体颜值也很高，照片直出处理的也可以，拍照的模式很多，以后慢慢摸索。送给妈妈应该很喜欢。
pos,"外形外观：好看手感好
屏幕音效：屏幕清晰
拍照效果：拍照很好
运行速度：运行快，系统流畅
待机时间：超长，充电快
其他特色：好用，性价比高，非常喜欢这个手机"
pos,手机配置超高，性价比很高，物流速度超快，头天晚上下单第二天中午就收到了，使用起来很完美，送给儿子考上大学的礼物之一。非常棒，希望儿子继续努力学习，更上一层楼。
pos,"漂亮手机真不错，京东自营一直陪伴信赖，超值物美价廉，估计打游戏杠杠滴，有待试用再追评吧，上午十点下单下午六点收货，物流超快。
外形外观：漂亮
屏幕音效：美观
拍照效果：好
运行速度：杠杠滴
待机时间：特别久"
pos,很喜iQOO这一个系列的手机，家里面全部用iQOO手机，这款neo5 se手机已经看了几个月了，这次终于下手，拿到手机就用上了，体会如下：外观挺喜欢的，屏幕够大看剧眼睛没有以前的那个眼累，拍照的效果还好。打游戏很得手不卡顿。
pos,"IQOO手机,非常的喜欢，拍照很清晰，白天晚上都可以拍，运行速度也非常的流畅,音之画质太赞，幻影蓝这个颜色真的是绝了，漂亮大方,非常的好看。870这个芯片绝对是一代神U,看电影打游戏，绝对没有任何问题，非常的流畅,一点也不卡顿。包装结实，配件齐全,京东快递神速，第2天早上就送到了。"
pos,手机非常漂亮，很好用，反应灵敏，还送了耳机充电器，价格实惠，京东值得信赖
pos,"趁着活动入手划算，发货快，包装得好，非常不错，全新体验，赞赞赞！
外形外观：新款手机吗，外形尺寸正正好好
屏幕音效：144赫兹的屏幕，打游戏很舒服的
拍照效果：游戏手机吗，不用太奢求拍照好不好看啦"
pos,首先来说这个手机配置很不错，价格比较合理，外形外观很漂亮，屏幕音效很不错，拍照效果清晰，运行速度很快，待机时间很长，特别满意这个手机，系统也特别流畅，特别满意！很不错，京东包装很好，快递很快。
pos,"给弟弟买的，用了一两天，感觉挺好的，拍照效果好，像素很满意，游戏流畅，音质很好，这个电池个人感觉还挺耐用的，新手机都这样，特别顺手的手感,拍照真的好好看，颜色饱和度都很不错，棒棒棒棒棒棒棒棒棒哒！"
pos,自营商品值得信赖！店家发货快，包装给力！手机好漂亮！非常完美，原装正品，手机设计美，中规中矩，拿在手里趁手，色彩自然，拍照超棒，充电很快！太给力，非常满意！客服不错！满意全五分好评！
pos,第二台购买，第一台购买的也是顶配的 彩色，系统非常的人性化，细节做的属实到位，屏幕搭配lcd屏幕不刺眼镜.
pos,"送给老婆的生日礼物，颜值有惊艳到我，实物比图片好看
多了，老公表示很喜欢。屏幕显示很细腻，高刷非常流
畅。曲面机身手感就是好呢，握持感起来就是舒服。这么
高的配置，手机发热控制确挺好的。这次的新系统也太人
性化了多，这个光遇主题也太个性了吧，还能给装扮。
亮屏，就有个小飞人，科技感满满。快捷操作也很方便，
锁屏界面还能记录步数，桌面图标也能设置统一的颜色，
看着真舒服呀！期待我的S7什么时候也能升级到新系统桌面。老婆之前一直用我剩下的1日手机，现在终于可以用到
新手机了，嘴巴都笑歪了！"
pos,"其他特色：好
拍照效果：好
屏幕音效：好
待机时间：好
运行速度：快
外形外观：好看"
pos,"外形外观：高端大气上档次
屏幕音效：屏幕细腻色彩丰富音效很棒
拍照效果：颜色靓丽
运行速度：很快不发热
待机时间：满足日常生活工作需求"
pos,外观干净漂亮，做工很不错，没发现什么瑕疵，个人感觉大小也挺合适，找了很久选的这款，大爱！维沃手机的子品牌，听说玩游戏挺溜的，屏幕可以长时间不伤眼，价格也实惠，京东自营买的放心，物流也很快，挺不错的，暂时没啥问题！
pos,"外形外观：包装简洁、精致。
屏幕音效：清晰度非常好，体验感很好。
拍照效果：拍照效果能够满足要求。
运行速度：买的顶配，足够使用。
待机时间：充电速度非常快。"
pos,手机很好用，今天刚到货，手感不错，手机很清晰，很喜欢，下次还在这里买，非常棒呢，很好，很好，玩游戏也很流畅，打起游戏来一点都不卡，拍照也很清楚。拍摄啊是啊好看，就是很喜欢！
pos,"外形外观：很有设计感，简单大方，符合大众审美
屏幕音效：屏幕音效：冲着 LCD屏幕买的，确实要省眼睛很多
拍照效果：拍照中规中矩，符合该价位段的效果
运行速度：运行速度杠杠的，大运存加大容量真的很爽"
pos,"外形外观：外观设计很年轻人使用，不过我是给我妈买的做老年机用。
屏幕音效：屏幕是LCD显示效果很好，不比iPhone11差哦。
拍照效果：拍照美颜效果太厉害了，比iPhone强很多呢。
运行速度：系统流畅，870yyds"
pos,"12+256大内存大运存，速度快，容量大。想用什么软件再也不用考虑内存。外观精美，大屏，舒适度很高，触控灵敏的一-批。游戏助手，支持各种功能，玩游戏的不二之选。性价比真的很高，对比同等性能其他品牌，最低也要3000+,支持入手。"
pos,"外形外观：晶岩白非常好看，手感很好
屏幕音效：屏幕够大
拍照效果：日常使用完全可以
运行速度：非常流畅
待机时间：待机时间很长，不玩游戏基本可以用2-3天
其他特色：接电话声音清晰、信号不错。"
pos,新买的Vivo旗下电竞手机，马上升级了操作系统。在没有贴膜的情况下试玩了几个游戏，屏幕画面很流畅，颜色也不错，无卡顿。点赞
pos,"外形外观：好看
屏幕音效：不错
拍照效果：非常清晰
运行速度：打开软件秒开
待机时间：3.4天
其他特色：玩游戏一点也不啦，也不发热&hellip;&hellip;总体用着，很不错"
pos,"外形外观：超好看
屏幕音效：音质透透的
拍照效果：非常清晰
运行速度：超级快超级快"
pos,性价比很好的手机，屏幕够大，电池，音响，内存都满足需要，打游戏也不卡，很好，下回还在京东买
pos,"外形外观：很时尚
屏幕音效：细腻音质好
拍照效果：人像模式很厉害，细节很棒
运行速度：满足一切日常使用需求"
pos,"手机颜色高大尚的质感，是我喜欢的款式。
屏幕音效：通话音质没有杂音，这个很好。起码通话的时候听得清楚，??
拍照效果：拍照效果一会看照片吧。嘻嘻
运行速度：速度稳定，玩起游戏挺好的，直播间下单，礼品还多多。感谢客服耐心处理。谢谢?"
pos,"机身颜色：矿影蓝

套餐类型：官方标配

存储容量：8+128GB

版本类型：中国大陆


 
曾***2（匿名）


超级会员
 


手机很不错，反应很快，870非常中合，吃鸡90针非常流畅一点也不开，也不发热，电池很耐用充电又快，LCD屏幕又不会烧屏护眼，之前用OLED 用屏幕烧屏严重对OLED 屏幕怕了，所以这次选择iQOOneo5se最好的选择"
pos,"外形外观：外观很好看，外科边框是塑料的，很轻。
拍照效果：拍照中规中矩一般般。
运行速度：很流畅。
其他特色：系统用的很舒服。
屏幕音效：屏幕观感细腻，lcd屏幕没有频闪，对眼睛很友好。"
pos,"这一款手机特别的888的处理器再加上独显芯片Pro
跑分大概是 83万左右拍照也特别的清楚摄像头特别
大颜色也特别的好看大概我充电测试了一下 32分钟
左右充满再加上线性马达游戏体验感直接拉满它搭载
着最新的散执材质元神都不怎么烫它可以游戏插针不
愧是游戏手机"
pos,"外形外观：非常漂亮。。。。
屏幕音效：非常棒。。。
拍照效果：五星
运行速度：流水一样
待机时间：正常"
pos,"外形外观：颜色很好看，五彩缤纷，看着很舒服
屏幕音效：屏幕用着很舒服
拍照效果：拍照效果很不错，毕竟vivo手机！
运行速度：不卡顿"
pos,手机很好，试了两把游戏很流畅，散热也很快，而且蓝色也很好看，新机到货直接把文件传过去，也很流畅，也试了相机，拍照效果很好，总体不错！
pos,"手机收到，外观不错，拍照也可以，玩游戏画质很好，。
待机时间：可以用两天，玩游戏那种，充电不玩手机充很快的。"
pos,非常好，用起来很方便，顺手，一点也不卡顿，颜色也很漂亮，质量很好。像素高，速度快，没有让我失望
pos,"外形外观：外形深蓝色很炫酷，特别好看，边角圆润，外形很出众
运行速度：速度很快，各种APP无压力，操作很流畅

待机时间：待机很久，可以一整天无压力"
pos,"拍照效果：拍照效果超级清新，
运行速度：运行速度超级快
待机时间：我用能用两天
外形外观：外观超级时尚
新年购新机，商家还送了耳机和
背包"
pos,买了经典的白色，看到实物后还是眼前一亮，大小刚刚好单手也可以操作而且握感很好。随意点开软件不卡顿很流畅，反应速度也很快，目前给我的感觉还是不错的，对得起这个价格!
pos,"外形外观：外形美观，手感细腻，大小便于携带
拍照效果：图像非常清晰，图片非常美"
pos,手机挺好看的，用起来很顺畅，拍照还可以，充电很快，半小时左右就充满了。期待它可以流畅的用3，4年
pos,手机很好用，用了两天，总体还不错。也很流畅，赠品也多55w闪充也快，电池挺耐用的，值得购买
pos,用了几天，没有发出任何问题，5g信号非常好，手机外观也是自己喜欢的，非常流程，一点也不卡，也不用担心充电问题，因为充电特快。也是自己喜欢的大屏幕哦！
pos,屏幕事真的护眼，特别好，买过之前的neo5那个OLED太辣眼睛了，相比这个LCD的se就好很多，而且这个还是线性马达手感反馈也很棒，各方面都挺好，手机下巴也挺窄的
pos,手机手感非常好，做工精致。大小合适，给家里妈妈买来用的。配置足够父母用。拍照效果好不失真，手机屏显效果好。
pos,"外形外观：外观颜色非常的好看.手感也特别的好.
屏幕音效：音效很清晰.打游戏特别震撼的效果.
拍照效果：拍照效果很完美."
pos,手机很好用，运行流畅，电池够用，屏幕lcd，一点都不伤眼睛，外观也好看，很好，还送了背夹，打游戏标配
pos,"买来送给弟弟的，非常不错。值得推荐，
外形外观：外观设计时尚
屏幕音效：音响效果不错
拍照效果：日常使用没问题
运行速度：平时使用完胜之前的小米"
pos,"外形外观：时尚大方非常好
拍照效果：清晰效果很棒好"
pos,手机很好用，昨天收到货的。试了两把游戏非常流畅，手机散热也非常不错。蓝色很好看，百看不厌。到货以后直接下载了一个文件传输把之前手机上的所有文件都传输到这个手机上了，用起来非常方便。
pos,物流很快，手机已经收到了，很是惊喜。手机质感很是不错，骁龙870的处理器运行起来相当流畅，不卡顿，双芯配置，玩游戏更爽，拍照效果也是相当的棒，够清晰，电池挺耐用的，而且充电速度相当的给力，性价比超高的手机！！！
pos,"外形外观：非常漂亮 质感很好
屏幕音效：挺不错的完美
拍照效果：美美哒 值得推荐购买
运行速度：不卡很顺畅 物流也非常方便快捷"
pos,手机打开很喜欢，蓝色很正，外观时尚，大气，上档次。开机后，特别流畅，运行速度很快！拿来游戏一点也不卡，游戏体验感很棒！画面和分辨率都很清晰，看起来很舒服！
pos,iqoo的手机性价比还是很不错的，而且外形也很漂亮，拍照效果也不错，运行速度流畅玩游戏也不卡，作为国产机，现在华为没落了，就靠iqoo撑起一片天了加油！！！！
pos,宝贝收到了，质量很不错，包装精致，材质优秀，比想象中好，送礼自用非常合适，系统流畅声音清晰
pos,"外形外观：简洁大方
屏幕音效：游戏效果一流，给力
拍照效果：一流
运行速度：非常流畅，吃鸡给力"
pos,很棒的宝贝手机，发货超级快，下单立马发货，很快就收到了，非常棒。屏幕清晰艳丽，操作流畅顺滑，手感圆润光滑，指纹识别灵敏。照相色彩艳丽，系统运行流畅，内存够大，值得推荐，下次再来。
pos,其他特色：好多内置小功能比老款都有升级，挺满意的拍照效果：特别好呀，可以直接剪***了。拍照模式很多，好棒电池续航：充一次用了一天，感觉真好通信音质：通话声音挺大，很快，再也不会门口扫二维码转圈了显示效果：挺好的
pos,"外形外观：很喜欢渐变。
屏幕音效：双扬声器还不错，特别喜欢LCD屏。
拍照效果：还行吧。
运行速度：很快，毕竟骁龙870。
待机时间：很不错。
其他特色：充电很快，很不错。"
pos,手机特别好用 运行内存都足够用，颜色也好看 怕照清楚， 很不错的一次购物特别喜欢
pos,"运行速度：比较耐看，白色很正
待机时间：可以的，充电我任务已经够用了
其他特色：系统这个我要给个好评，毕竟是新系统，动画过度，打开APP的速度，配上骁龙870，真的丝滑，功耗也可以"
pos,"外形外观：好看
屏幕音效：挺好的
拍照效果：还不错
运行速度：很好
待机时间：一般"
pos,"外形外观：外观漂亮
屏幕音效：屏幕高清，音效很好
拍照效果：高清
运行速度：打游戏速度无敌
待机时间：超长待机48小时以上"
pos,手机效果特别好 感觉不错 大电池容量 充电快 运行非常顺畅 颜色好看 大气
pos,已经在用了，很好用很方便，外观漂亮。内存够大，网速快，连网快，地下车库也有网络，可以收到。
pos,"外形外观：美观大方
屏幕音效：音效很好
拍照效果：清晰度高
运行速度：快"
pos,用了几天手机蛮好的，游戏很流畅，电量也够用，日常使用挺合适的~关键价格真不贵
pos,"手机很好用 孩子很喜欢 
温度不会很高 夏天应该不会再过热卡机了吧
白色后盖真的好看 不过还没找到合适的手机壳"
pos,"外形外观：VIVO 这个手机外观很好看，摸起来很顺滑，
拍照效果：拍照很清晰，像素很高，非常满意
运行速度：运行速度也很流畅"
pos,宝贝收到很不错，手感也很好，玩游戏也不卡机，很不错，整体效果来说价格实惠，可以入手
pos,买了iqoo系列的手机，没在买其他的。很喜欢这个机型，评论也可以。外观设计贴合我意，运行也流畅，总体感觉好用。
pos,一直是iQOO的老粉丝了，看了发布会，就果断入手了（小声**其实也对比了很久，）收到使用了一下，触屏速度敏捷，没有卡顿现象，玩王者画质与帧数也很稳定，处理器还是比较牛！没有出现发热现象，这个价格值也是比较亲们的了，本人亲测可以放心入！
pos,"外形外观：外观很漂亮没指纹
屏幕音效：非常不错
拍照效果：日常够用
运行速度：巨快"
pos,vivo手机以前做工就不错，如今系统也赶上来了！操作丝滑，细节精致，上手体验非常惊艳！刚好工作手机是荣耀50se（两者价格差不多而且都是LCD屏），iqooneo5se简直全面碾压荣耀50e！870处理器WIFI6陀螺仪双扬声器（荣耀没有），neo5se拍照音质屏幕素质都比荣耀要好，就连5G信号都比荣耀稳定！真搞不懂是vivo进步太快还是对手退步了&hellip;iqoo手机口碑高不是没道理的！做工系统配置性价比没啥短板！
pos,手机用了几天来评价 确实好用 我特喜欢打游戏 这个手机大屏幕 也不卡顿运行流程 特别适合自己 颜色也好看呢！
pos,好多内置小功能比老款升级好多，拍照模式很多功能，充电特快，我一般一天一次充电，系统不卡顿，特喜欢。推荐哟
pos,手机很好，电量够用，之前那手机半天电就没了，这个可以用一天，屏幕看了好久才看到这lcd屏幕的，不错，不伤眼
pos,"外形外观：时尚轻薄，运行完美流畅
屏幕音效：音效自然真实，还原音乐本身
拍照效果：拍照清晰自然

完美！完美！"
pos,还有这款手机不只是个性能机打游戏用的，日常用很不错，拍照5000万，像素还算可以，手机很大气，做工很好，性价比高，手机用了4天左右吧，目前没有卡顿，系统流畅，功能很多，屏幕144hz看着挺舒服的，第一次用iQOO手机，这让我很满意，
pos,手机使用了几天，感觉很流畅，打游戏帧数很稳定，散热也是第一梯队的水平，总体满意
pos,手机很不错，性能很强劲，玩游戏一点不卡也不热，充满电能玩好久，手机也很好看，战斗机啊就是
pos,刚买的手机~用了几天~感觉蛮好的，价格也实惠，操作起来很流畅，拍照效果不错的，充电也很快~下次还是可以入手iqoo的手机
pos,很好用，各方面配置都挺好的，没什么短板，外观也好看手感好，性价比高，玩游戏不掉帧，系统也挺好玩
pos,很好用，系统比较流畅，目前没有发现卡顿的情况，想要LCD屏太难了，这款用着还可以
pos,外观漂亮，手感好，反应灵敏，非常流畅，一点也不卡，不发热，闪充，电池耐用，还护眼。
pos,非常喜欢的手机，性能强大，重量轻，手感相当不错!送的耳机也不错!
pos,"外形外观：十分漂亮，特别是白色
拍照效果：调教的还行
运行速度：870也是很快的
待机时间：长达好几天
其他特色：还送耳机和散热器"
pos,外形外观：外观样子很不错，喜欢。870用着也不像888功耗那么高 很满意的一次购物。
pos,"外形外观：好看
屏幕音效：清晰
拍照效果：清楚
运行速度：很快
待机时间：一般
其他特色：过得去"
pos,iqooneo5se手机非常好，使用体验流畅，打游戏很合适，温度控制正常。充电快，快递运输及时。
pos,手机外边时尚，屏幕清晰，用起来流畅不卡顿，充电很快，还送了赠品，很不错，值得入手
pos,外观非常精致，颜色也跟图片相差无几，屏幕显示非常细腻，玩儿王者荣耀和和平精英非常顺畅，拍照效果 电池续航明显 速度方面也非常出色 性价比很高
pos,这款智能手机在这个价钱里面，本人觉得性价比比较高，功能齐全，不管是打游戏，还是日常工作，都值得拥有，本人买了两个。个人觉得性价比很高。
pos,"是正品，而且价格不贵，用着也很大气，一直在用，很好??画面非常清晰，这个价格买到非常划算
拍照效果：人像清晰，夜景模式很好"
pos,买了这么多手机，这一款最喜欢，很人性化的手机，颜值高，拍照功能强大，续航能力也是一级棒，真不错，客服也挺好，能够解释的清楚怎么使用，给爸妈买的真好
pos,好看的手机 真的喜欢 不管是外国 还是运行 拍照 都是流畅 拍出来的照片好看 真实 特推荐
pos,好用，颜值很高很流畅，好好，真好用，谢谢店家的号手机。真的绝了
pos,"手机物流很快！拍照片也很清楚爱了爱了。
外形外观：外观摸起来很舒服
拍照效果：拍照挺清楚的
运行速度：流畅！
待机时间：耐用"
pos,实力强劲，性能均衡 手感也很不错 打游戏完全没有压力 颜值也是一流的
pos,"外形外观：外观非常好看
屏幕音效：屏幕流畅
拍照效果：拍照效果非常好
运行速度：流畅完美"
pos,手感很不错，很喜欢iqoo的机子，这是买的第三部了，整机的颜值非常不错，运行速度杠杠的
pos,外观设计时尚，超级好用，系统流畅，屏幕清晰，运行速度快玩游戏不卡，性价比无敌
pos,待机时间长，拍照清晰 运行不发热 充电非常快 外观漂亮大气 色彩饱和度不错 系统流畅
pos,拍照效果非常好 运行速度流程 屏幕分辨率非常好 色彩好看 手感超级舒服 反正就是喜欢喜欢
pos,物流快，手机顺利拿到。特意选了蓝色，高端大气，拿在手里很舒服。系统流畅，拍照清晰，满足各种日常需求没问题！
pos,很漂亮的手机，用起来也很流畅，玩游戏杠杠的，屏幕是看着真舒服，介绍朋友一起买开黑搞起
pos,手机到货很好，颜值高，音质好，晚上拍照也很清晰，续航也下错，蛮好
pos,"外形外观：这也太好看了吧，漂亮的很
拍照效果：拍照又清晰，还贴了保护膜
运行速度：开的软件很多又不卡 运行速度杠杠的"
pos,说实话，这款手机性价比还是挺高的，我买来之后看着它外观挺好看的，拍拍环境的话也确实挺好看，尤其我拍的这两个小兔子确实挺不错的。像素很高，运行速度很快。
pos,"外形外观：非常漂亮
拍照效果：清
手机很好的，还送很多赠品，买咯不会吃亏，目前用着很好，很稳定"
pos,手机已经用了几天了，感觉很不错哦，内存容量超可，下载软件也不用犹豫啦哈哈哈哈哈屏幕清晰度也不错，拍照很清晰，音质也很好，手机颜色也很好看。
pos,像素还算可以，手机很大气，做工很好，性价比高，手机用了4天左右吧，目前没有卡顿，系统流畅，功能很多，屏幕144hz看着挺舒服的，
pos,外观好看，屏幕大，音效好，拍照效果很好，运行速度非常快，推荐大家购买
pos,乘着过年活动，买了高性价比的neo5，屏幕够大，电池够用，常规应用运行起来一点不卡，实在是公鸡中的战斗机
pos,大屏幕高刷，操作起来不卡顿，充电特快，外观设计大气，拍照效果好看。
pos,已经用了iqoo很久了，这次新购买了一台，后壳颜值直接爱了，有一种磨砂感，很喜欢iqoo的新界面，简洁时尚，最让人感动的是iqoo的宠粉活动，送的礼物令人开心
pos,"质量特别好
外形外观：外观漂亮
运行速度：运行速度快
屏幕音效：音效高级
拍照效果：画面清晰"
pos,手机性能：性能不错 运行速度：挺快 屏幕效果：挺好 轻薄程度：挺好 。性价比也很高！！！
pos,"外形外观：非常帅，颜色好看
屏幕音效：很好，很清晰
拍照效果：非常清楚
运行速度：快的很"
pos,手机性价比挺高的，颜色很漂亮，手感也好，运行流畅不卡顿，拍照效果很不错，这个价格挺值的
pos,iqoo老粉了，纠结了好长时间要买哪个颜色。最终买了矿影蓝，没有踩坑。性价比高的多，拍照不失真，手机屏显高。
pos,拍照功能很强大，显色很棒，用起来非常流畅，目前来看相当完美！赠送的耳机颜值也高，不错！
pos,很好用啊，外观大气，系统流畅，拍照清晰效果好，手机用着很好，价格划算，能接受！！！
pos,手机收到了，颜值很高，性价比可以，手感也很不错，系统运行流畅，运行游戏很轻松，总体上很满意
pos,京东快递速度就是快，当天就拿到了，手机很好用，不卡，电量持久，lcd屏幕护眼，不伤眼
pos,很棒的购物体验，一如既往地好，一直跟信任京东，家电类手机数码等都在京东买的，像素高，外形美观，内存也足够！
pos,"外形外观：摸着舒服，蓝色的
屏幕音效：立体美丽
拍照效果：像素不错，很棒
运行速度：特别快"
pos,手机很漂亮。屏幕也很大。第一次用iqoo。很流畅。赠品也挺多。非常满意，手机拿着手感也不错。
pos,手机很好用，外观漂亮，大气，上档次。游戏速度很快，非常流畅，玩起来很爽。值得购买。大品牌，值得信赖。京东物流，速度一流，购物体验好。
pos,手机特别好，运行速度很快 玩游戏不卡，拍照清楚，很好用，满意的一次购物，很喜欢棒棒哒
pos,双视野摄像，买的256装上日常用的软件，充电很快，typc的充电接口还有一个35mm的耳机孔，听歌充电不耽误。发货快，春节也能收到
pos,手机性价比很高，运行流畅速度快，色彩艳丽，很喜欢。不重，手感好。
pos,手机收到了，非常棒，运行流畅，画质清晰，体验感非常强，这回的选择绝对正确。点赞。
pos,手机还是不错的，使用非常流畅，没有什么问题，拍照清晰，耗电有一点点快，但是充电非常非常快哦。还是比较推荐哈。
pos,不错不错，听朋友推荐，头一次下国产，感觉非常棒，性能非常好，外观也非常好看，支持国产，继续加油，vivo加油，超越某果
pos,很好的手机，挺不错的，用着很舒服。很快很流畅，舒服，外观设计的也挺好的，第二次购买了。很好。
pos,非常棒的手机，功耗控制得可以，可以玩一整天，手机质感手感都很好，玩起来很舒服。手机颜色很好，很温润，非常喜欢
pos,首先得夸一下京东的物流，凌晨下单，快递小哥下午就快马加鞭送到了！包装完好！还有就是充电超快，三四十分钟就能充满！冲骁龙870的处理器来的，像素虽然比不上vivo的，但效果也不错。
pos,京东物流还是很给力的，我当天下单，当天就送到了，而且包装完好，使用感也很不错，因为led不累眼睛，拿来当工作手机还是很不错的，而且系统也流畅，好评
pos,老公想换手机，一直纠结不知道买哪个，正好看到这个机器，也不知道咋样预售就下单了，很快都到货了，手感不错，白色很好看，老公喜欢，还送了耳机
pos,买给老人家用的啊。这个杯子已经够用了，有时候机。这种商家气生气，可以自己用。用的非常流畅，舒服系统。
pos,屏幕显示效果好，拍照效果好，系统流畅，价格能接受，运行速度很快，性能强大，要用，值得推荐。值得购买。
pos,高通骁龙870真心不错，功耗低，游戏运行很快，日常使用够用了，拍照也不错！还有144Hz刷新率，爽歪歪的
pos,发货快，外观好看系统流畅，玩游戏很丝滑，像素也很好拍照清晰，非常合适性价比高好用
pos,颜值高，打游戏很流畅，不发热，66w快充充电快，这个颜色太好看了，十分满意了，很具性价比的产品！
pos,手机特别好用 是正品  物流速度特别快 满意的一次购物，拍照也好看好看，玩游戏不卡 很好用
pos,拍照清晰，运行不发热，极速充电，手机很好用，手感不错满意，给你好评，我第二次在网上买手机了，感谢店家送的礼品，非常喜欢，
pos,京东下单果然到货很快，买的白色款，256内存够用了，白色很漂亮，图标也非常漂亮，用用看看效果吧！
pos,手机性能很好，运行速度快，拍照效果不错！！顏色也好看！很喜歡的！
pos,"手机超出预期，质量很好，做工精细，满意
外形外观：潮流时尚，摄像头很清晰，清晰度很好"
pos,很好用，电池容量挺大的，发货很快，包装的很好，系统流畅也很稳定，比实体店优惠很多，满意
pos,快递很快，赠品很好。手机速度很快，用起来一点不卡顿，屏幕看着很舒服，系统流畅，刚开机就下了游戏，玩着真舒服
pos,手机号很不错的，真的可以换成好用而且待机时间长，看人用着很舒服，设计的外观很有科技感，真的可以
pos,买来几天了，用起来还是很舒服的，平常打打游戏，看看电视很适合，充电很快，性价比不错
pos,手机真的不错，一分钱一分货，基本上所以大型手游都可以畅玩，虽然避免不了发热。续航和充电都非常好，特喜欢?。
pos,宝贝真不错，做的真细心，值得拥有，快递很快，拍照清晰，运行速度很快，支持iQOO手机
pos,"很不错。很满意。很
外形外观：开心。
屏幕音效：德昌不错。
拍照效果：很好的。？？？"
pos,很漂亮的手机，运行流畅，玩王者没有延迟，赢了好几把，感觉技术都提升了
pos,年前买了手机，没想到这么快也送到了，手机质感很不错的，我很喜欢。新手机我也试了一下拍照的功能，还不错。
pos,手机收到了，试了两把游戏，散热也很快，而且白色很漂亮！还试了拍照，拍照效果也很好！
pos,"期待一个lcd旗舰很长时间了，之前一直指望红米能出一款lcd旗舰，奈何最后却没有。这款iqooneo5se很不错，看网友评论比活力版屏幕好，实际观感也是，屏幕看的眼睛不疼。很不错，至于这个系统，还再体验中。
看别人买的送了个背包，不知道我为啥没送，有懂的老铁给点拨一下"
pos,手机颜值很高，上手很舒服，运行流畅，拍照效果好，玩游戏也不卡，确实很好，
pos,电池续航能力不错，画质很好，高刷是真的好用，拍照很喜欢，像素很高
pos,手机白色很漂亮，图标也很炫酷，目前用起来很满意，价位合适，性价比高，运行起来很流畅
pos,性比价超好，性能不错，运行速度快，空间很大，手感很好，很喜欢。
pos,质感很棒的，颜色很舒服，手感很不错，屏幕看着也感觉好，好评多多。
pos,机器手感好，使用流畅，性价比高，声音响，画质好，颜值高，超级赞
pos,手机外观精美，使用体验非常好，打游戏开高画质，帧率也很流畅，屏幕护眼，还有侧面指纹解锁。物流很给力
pos,手机很漂亮，很喜欢！手感轻薄，运行流畅，拍照清晰，满意！！
pos,手机不错，替换下来以前的华为手机，性能挺好的，平时日常使用足够了！手机很漂亮，屏幕也很大，很清晰，性价比很高！
pos,手机真好用啊，用起来很舒服，好看好用，并且也不贵，挺好的啊真的不错，适合所有群体使用
pos,快递很快，入手感觉很不错，性能可以，很流畅，拍照试了试，也很清晰，总之，感觉很好
pos,很漂亮的手机，握持很舒服，运行流畅，拍照清晰漂亮，非常完美，是我心中的那台机
pos,首先京东快递的速度让人很满意的 ，28号下单时候预计是30号到，没想到29号早上就收到了。机身手感很棒的，充电不到一小时就满，像素很可以，其他的用几天再评价
pos,手机很快，也很轻。后盖是磨砂的。散热比3个8好多了，打游戏还是很爽的。
pos,手机很好用，速度快，性价比高，系统流畅，画面色彩好，很喜欢。
pos,太喜欢了，活动入手的，送了一堆赠品，性能给力，打游戏超级流畅，爱了爱了，完美
pos,"vivo iQOO Neo5 SE这款手机今天收到货了，很快就开机使用了起来，整体感觉，十分不错。

这是用过的第二款IQOO的手机，第一款之前用的效果也非常好，很喜欢。这一款算是经典畅销款，质感触感都很棒！

首先是颜色，选了岩晶白的这款，很适合女生使用，外形特别好看，也是图片主打色。

然后是手机屏幕，6.67英寸大小，144Hz，用起来，十分流畅，视觉很舒适，很满意。

第一次用侧边指纹解锁，感觉很新鲜，也很方便，数字密码和指纹可以很便捷地切换，真的很不错！

这款手机重量比较轻便，和苹果相比，真的可以说是轻盈了。

手机保留了原始的3.5耳机孔，很良心，很方便，自己有很多圆孔耳机，可以好好发挥作用了。

很多人都特别关心的充电问题，今天试了一下，不到一小时电就充满了。

刚开始打开手机盒拿出手机时，看到里面的巨无霸充电头，当时就觉得，真是惊喜！这么大的充电头，这么有分量的数码工具，以后出门都不用愁了，真好用。

用了大概大半天的时间，手机基本功能都正常，还送了手机壳，很贴心，很开心！

最后，真心希望，IQOO系列，可以越做越好啊！"
pos,手机手感好，拿在手里质感不错。手机性价比高，屏幕分辨率高，色彩度高，拍照不失真。
pos,第一次用这个牌子手机 vivo也开始走性价比 一直都用小米手机 这个操作系统第一次用 2000价位性价比还可以 还送了散热器和耳机 快递也很快 体验不错满意。
pos,"外形外观：高考
屏幕音效：棒极了
拍照效果：好
运行速度：快"
pos,"非常喜欢
外形外观：背面磨砂手感
运行速度：很流畅，打游戏完全不卡"
pos,用了一段时间，感觉很不错，很满意。用了一段时间才来评价，确实不错，很好用，用起来很方便
pos,手机是真好用，价格实惠，妈妈喜欢，以后要常买，大爱，越来越喜欢了
pos,新款手机非常的赞，运转流畅！会推荐给身边朋友的！这款手机的性价比非常高！很喜欢！
pos,超漂亮超欢喜，东西好用速度快使用简单，清晰效果好网络快，棒的很喜欢得很
pos,"真的很喜欢，完全超出期望值，发货速度非常快，包装非
常仔细，严实，运送速度很快，到手后迫不及待的打开，
美观时尚大气，还有玩游戏也很流畅，拍照非常清晰，
客服超级有耐心，服务细致贴心，大品牌就是不一样。"
pos,手机用了一段时间了，整体很满意。买给我的父亲用的，买之前带着父母去了实体门店看了好多家，配置够的但是外观不行，外观好看配置又低，然后平衡了之后定了这一款。明年再给母亲换一款。
pos,收到以后非常喜欢，非常好的宝贝。LCD屏幕对比手上的苹果XR要好很多，很亮，色彩也不错。非常喜欢，强烈推荐
pos,运行速度非常流畅，照相也很清晰。手感很好，充电速度快。
pos,"外形外观：白色的太好看了，后备磨砂质感，不留指纹
屏幕音效：LCDyyds，护眼，细腻，很喜欢144刷新率
拍照效果：很清晰
运行速度：很快。usf3.1+LPDDR5保证运行速度，流畅起飞
待机时间：4500电池很够用！完美的购物体验！！！"
pos,拍照效果画质很不错 防抖  快充很给力一个小时不到就充满了电池续航也很给力  一天不用充电
pos,iqoo忠实粉丝，用的护眼好的屏，很适合年纪大一点的人。但游戏性能不减，很好用。老板贴心地送了礼品。还会推荐给朋友买的。
pos,手机速度非常快，新系统用着比较舒服，电池容量大，外观设计非常主流。
pos,手机很好用着舒服，屏幕效果好，屏幕有光泽，待机时间长，是不错的校园，选择，国产手机的骄傲
pos,用了一段时间，性价比很高，外观非常漂亮，运行速度非常流畅，屏幕也很清晰。
pos,"好用，屏幕舒服，870还在当打之年，新系统很美丽。
希望iqoo以后会出更好的lcd屏幕旗舰电话！
还会支持。"
pos,手机很好用，手感也很好，挺轻薄的！！！体验特别好，系统好用，屏幕也不错。
pos,手机很好用，试了两把游戏很流畅，拍照也很清晰。还另外送了耳机 非常不错
pos,手机非常好用，送了个风冷背夹，非常不错，音质非常不错，手机运行流畅，性价比非常高，2千多能买到高通骁龙870的cpu，相当可以了噢
pos,红米9a小米的性价比之王，信号稳定，通话声音大，打游戏很流畅，能听收音机，字体特别大，显示的很清楚，充电速度快，续航给力，家里人用得很流畅！
pos,超清防窥膜体验效果非常不错，触碰反应非常灵敏，各方面相当满意，还是很值的，很好的产品，物流也相当给力！完全贴合没毛病，挺合适，下次有需要再来。
pos,一直都是米粉。经常网购，总有大量的包裹收，有很多的评语要写！ 但是，总是写评语花掉了我大量的时间和精力！ 所以在一段时间里，我总是不去评价或者随便写写！ 但是，我又总是觉得好像有点对不住那些辛苦工作的卖家客服、仓管、老板。 于是我写下了一小段话，给我觉得能拿到我五星好评的卖家的宝贝评价里面以示感谢和尊敬！ 宝贝是性价比很高的，我每次都会先试用再评价的，虽然宝贝不一定是最好的，但在同等的价位里面绝对是表现最棒的。红米手机不错，已经收到用了几天了，运行很流畅，显示也可以，看视频这些很清晰，一般使用没问题。系统和华为的基本一样，人脸识别快捷使用这些功能都有。如果不是对打游戏这些有特别要求，这款完全够了，觉得之前买的其他品牌同价位也没比这个好多少。这次是给老年人换机用，下次我自己也完全可以买个来用，真的够了，电池还特别经用。还有这款颜色，很漂亮。总体满意
pos,整个素质非常不错，在599这个档次来说几乎无敌。之前买了一批，噪点是系统12卡顿严重，被逼全部刷回11系统，新的已经更新12.5系统，目前测试很流畅，基本和11不相上下，系统支持双电信双卡双待，电池大，待机性能强。我是测试不用存储那么大，自己用建议买4+128或者6+128款。除了红外和指纹，这机器该有的都有了，性价比也可以。老人机或者测试机来说基本无敌存在，期待10A更牛批
pos,真没想到，春节期间还能这么快就送到，快递小哥辛苦啦！手机包装完好，正品无误，操作顺畅，没多久就换机成功，又过了两小时，老人已基本适应，旧手机被甩到了一边。总结一下，红米9A的整体表现完全对得起这个价位，做工精细，功能齐全，非常适合老年人使用！
pos,"不知道后面怎么样，但是对于一个高中生来说，这个手机非常好
外形外观：挺大气
屏幕音效：很标准
拍照效果：清晰
运行速度：快
待机时间：长
其他特色：字体好看"
pos,"外形外观：做工很精致，黑色，浑然一体，后壳有纹理，手感防滑
屏幕音效：屏幕呈现的字体和图片很清晰，声音够大
拍照效果：拍照一般用的很少
运行速度：运行速度还不错，相对于几千元的手机，这款百元机的运行速度已经很好了
待机时间：待机时间很长，如果不经常看视频，听音乐，玩游戏，只正常接打电话，待机三四天不成问题

机子主要是给长辈用的，屏幕字体画面已足够清晰，字体音量够大，运行流畅，自带的很多软件都可以卸载，上手体验很不错！

第一次买小米，这么便宜的机子，却有这么高的品质，真是良心产品 ！！！"
pos,"外形外观：还可以，性价比很高！
屏幕音效：声音很大、屏幕分辨率达到预期
拍照效果：日常能用，就夜晚拍照效果一般。
运行速度：比较流畅，打游戏不卡，操作方便，很好?????。"
pos,"外形外观：只能说这个价位，给我眼前一亮，小米手机的做工真是一流，拿在手上很有份量感 特别是背部的磨砂造型，很有手感。
屏幕音效：屏幕清晰度可以，日常完全够用 声音效果也够用了，600元的手机已经可以了。
拍照效果：这个价位，不要奢求拍照效果，够用就可以了，本来就是给老年人用的，像素足够了。
运行速度：主要是新机，再加上软件装得不是很多，运行速度很流畅。
待机时间：5000毫安的电池，待机相当可以，用了半小时了，手机电量才掉了1%。
其他特色：重要的事情说三遍，便宜，便宜，便宜。这个价位能买到这样性价比的手机，真心不错，支持国产。父母日常生活工作用足矣。"
pos,"非常不错，性价比很高，作为备用机很好用，外观颜色也很好看，手感也不错，真心值得推荐
外形外观：屏幕很大，刚刚好，很好看，手感很好
屏幕音效：声音也不错，真心推荐
运行速度：还可以，这个价格能这样不错
待机时间：时间很久，很好用"
pos,买来给妈妈用的红米9a手机很好，小巧玲珑，操作起来也方便，有老人模式很适合老人使用，关键是价格便宜，京东打折之后才600多块钱，真心的便宜
pos,"小米红米Redmi 9A 5000mAh大电量 1300万AI相机 八核处理器 人脸解锁 4GB+64GB 晴空蓝 智能手机 ，配置与价格非常适合老年人，用了一段时间，感觉还可以。
待机时间：正常用两天没问题
运行速度：运行不卡
拍照效果：效果很好
外形外观：非常漂亮
屏幕音效：个人觉得还可以"
pos,老人用的少两天一冲，够用了。看看头条新闻，整体耗电还可以。4+64对目前新手机来说运行都很流畅。颜值也不错，手感比较不错，特别是背部的纹路，不用带手机后套手感也是非常棒。屏幕显示也不错，自己买了张膜贴上，屏幕显示还可以，画质清晰。
pos,红米9a是老人与学生使用的机王，已经购买了第三个了，老人的换了，用的好用，现在给孩子学习用的也买这个??！！！实用，耐用，尺寸也是刚好。非常感谢京东的优惠价格。
pos,手机非常棒，买来做备用机，也给家里老人买来做老人机，速度还挺快的，不卡顿，屏幕清晰，系统运行流畅，看视频打游戏都不卡，很清晰，续航能力也杠杠的，听音乐声音也不错，几百元的机器对得起这个价位，外观设计也在线，推荐
pos,手机收到，无论学生还是中老年人都挺合适，联发科G25处理器，日常使用无问题，手机远的灰色，很有质感，最新的MIUI系统很顺滑，无卡顿，像素方面和价格成正比，水滴屏，充电口是usb接口，5000毫安大电池，超长续航，小米出品必属精品！！！性价比超高，值得购买！
pos,"红米9A 4+128，备用机使用，非常值得，性价比很高的手机。一直留意小米的产品，家里基本都有小米系列产品了，逐渐打造小米生态。
外形外观：外观大气，中规中矩

屏幕音效：屏幕清晰，led屏显示细腻，音效也很好
运行速度：4+120，感觉备用机使用很不错了
待机时间：一天多的时间不是问题，主要是打电话用"
pos,"红米9A 4+64，备用机平时打电话使用，性价比很高的手机。一直留意小米的产品，家里基本都有小米系列产品了，逐渐打造小米生态。
外形外观：中规中矩，没有特别大的特色

屏幕音效：屏幕质量很好显示细腻，清晰，音效能感受到立体声和高低音
拍照效果：拍照清晰，像素很高
运行速度：4+64比苹果6s反应快很多
待机时间：2天待机"
pos,这手机买来给父亲用的，看了几款同价位的品牌，最后还是选了红米。毕竟老年人主要需求还是大屏幕大电量大字体，满足日常用即可，这款红米9a完全符合！如此价位，外观大气，系统流畅，续航持久，必须大赞！京东物流也很给力，下午下单，第二天上午就收到了。此次购物整体非常满意！
pos,"待机时间：5000毫安的电池，给母亲买的，主要是之前她的手机就是待机时间短，动不动就要充电，很不方便，当我看到红米9A的时候，就知道选它没错
运行速度：老人用的手机，速度足够，价位摆在那边，你不能要求它太快，可以了，不卡，流畅。
拍照效果：日常拍摄足矣，这个价位，清晰度已经可以了。
屏幕音效：不得不服这款手机的喇叭，声音很大
外形外观：重点要说说，它的外观，大气上档次，屏幕大，背部还带磨砂，防滑效果挺好的。

总之，这个价位能买到这么性价比的手机，支持国产，良心价。"
pos,"外形外观：买的是蓝色的非常的清新，靓丽可爱的颜色。
屏幕音效：屏幕很大，全面屏的很清楚，音效也不错，非常适合老人用。
拍照效果：拍照，效果还可以吧，满足日常需要的。
运行速度：新买的手机肯定是运行速度比较快一点的，现在还看不出来吧。
待机时间：待机时间还可以满足需要。"
pos,很不错的红米9A，电池容量一度让我觉得手中的苹果手机很无助，不玩游戏不卡的，主要是买给老人用，屏幕够大，图中是我开了极简模式。非常喜欢的一款手机。
pos,自己用的就是小米，体验很不错，这次依旧选择小米，给爸妈买的老人机，手机很好用，有老人模式，大字体，还有一个直接拨号的功能，很适合老人使用，而且设置完之后，有防偷跑流量等功能，而且开机没联网时间居然是精准的，小米很强
pos,价格真是是便宜到爆了，当作备用机真的是很合适，老人用也非常的好，屏幕够大够清晰，手感好棒，看着非常高大上，拍照效果非很棒，满足了老人的日常需求，喜欢的不得了，系统用着也很流畅。大大地赞
pos,帮婆婆买的。   这是一款入门级。  刚到货了就打开用了。  反应敏捷。  屏幕很大。  字体很大。 声音也大。  婆婆很喜欢。   已经不是一次买小米家的东西了。  支持国货。  选择小米。  值得信赖。
pos,小米这款手机是老妈指定点名要买的，趁着国庆节送给老妈，老妈说喜欢，这款小米的外形外观很不错，之前也有用过小米，个人感觉流畅性和做工方面，小米一直做的很不错的，而且配5000毫安的电池待机时间够久，对老妈来说很满意
pos,"手机收到了，特别喜欢，
拍照效果：特别清晰，自带美颜功能，像素也好

运行速度：反应也很快，灵敏度还可以
其他特色：手机字体大，特别适合老人用，而且还比实体店买的便宜很多，一点不比实体店买的差！物流很快，昨天中午下单，今天中午就收到了，京东物流，真的太给力了！"
pos,"一直想给老妈买个性价比高的，适合老年人用的手机。正好看到小米这款手机有优惠，挺心动的，配置合格，去年上市，算新机，而且下单还有惊喜优惠。
物流调货还挺快的，三天就收到了。手机很漂亮，性能好，使用也很方便，老妈挺喜欢的。以后老妈不会再来抱怨手机卡顿了。"
pos,拍照效果:性价比较高的手机，给老人用很合适，字体＋极简桌面给老人用了几天，还是挺满意的。用了一天，总体不错!手机很薄，电池耐用，内存很大。运行灵敏度良好(比优秀稍微逊色一点)。
pos,小米的口碑在民间是很出名的，性价比很高。这款手机屏幕大，声音大，很适合当老人机。颜色也很漂亮，字够大声音够亮，老人表示很喜欢。使用也很流畅。
pos,5000毫安大电池。持久续航不用担心中途没电。分辨率较高。6.53寸大屏幕，1300万相机，麒麟处理器，属于比较流畅地配置，满足日常所需。五百块的价格，性价比超高。
pos,"续航能力：很好
拍照效果：清晰
运行速度：畅快
每年都要买几部小米手机，红米的做工和品控也越来越好，不比小米逊色，性价比爆棚，但却不掉档次，给父母买的老人机，之前他们认为这么便宜还以为不是什么好手机拿到手用了后都觉得很不错，几百块钱，满足了。质量很不错，包装精致，材质优秀，比想象中好，送礼自用非常合适"
pos,"这款手机总体来说性能不错，买来打卡，玩玩游戏都没问题！充电速度还不错，玩游戏也不发热！拍照功能刚刚够用
外形外观：设计新颖
屏幕音效：色彩度非常好
拍照效果：效果不错
运行速度：流畅运行
待机时间：5天"
pos,"京东上门速度贼快，快递小哥辛苦了，晚上十点多了还在送货路上！赞一个！
外形外观：很不错
屏幕音效：声音大，适合老人使用
拍照效果：清晰，够用
运行速度：目前够用
待机时间：大电池
其他特色：字体大"
pos,"外形外观：拿在手上感觉很好，颜值担当
拍照效果：还可以吧，和一两千的没法比
屏幕音效：屏幕很大，色彩感也很好
待机时间：待机时间挺长的"
pos,性价比很好的手机，当备用机，很可靠，电池续航能力强，还有人脸识别，性能杠杠的，拍照效果也很好，反应很快，不卡顿，用起来很顺手，很好用。
pos,"首先外观很好不错，手感也很好，电池续航能力强，599价格实惠。
外形外观：外观时尚大气
屏幕音效：分辨率偏低
拍照效果：还行吧行吧，
运行速度：流畅
待机时间：很长时间
其他特色：价格实惠，物美价廉。"
pos,小米手机一如既往的好，外观设计简单 ，手机音效不错， 清晰度高，不管是打游戏看视频都不卡顿，手机拍照很清晰，红米9a手机非常好用，非常满意性价比高，值得推荐。
pos,老人家用的老人家坏了，就直接买了这款手机，真的物美价廉啊，屏幕够大，运行速度很快，反应灵敏，拍照效果也很清晰，操作简单方便，老人家一用就会！
pos,给丈母娘买的，对比了一下，最后决定入手这款小米手机，综合性价比很高，大屏幕养眼，可以设置大字体，显示清晰，老人看着也轻松，音量大，电池容量大，续航时间长，运行流畅，使用起来手感非常好，拍照效果也不错，手机外观设计简洁、漂亮，总体对比非常适合老人用，很赞的一款手机，老人家特别喜欢，推荐购买！！！
pos,"外形外观：简单也很薄，符合主流手机外观
屏幕音效：显示很清晰，虽然是1600x720的分辨率，一点也没有颗粒感，而且屏幕也很大
拍照效果：摄像头1300w，普通拍照够用了
运行速度：运行流畅，满足日常所需软件要求，4+64装点小软件也不卡
待机时间：待机1天吧，还可以
其他特色：特意挑了绿色，颜色很骚气"
pos,"外形外观：选的蓝色，感觉很好看，而且手感很好！
屏幕音效：开机试了一下，声音很大，给我老妈用够用了！
拍照效果：就这个价位的手机，已经达到预期效果！
运行速度：4G运行速度，很不错
待机时间：单纯打电话接电话，5000毫安大电池！"
pos,"用来买来当备用机的，首先，性价比很高，选择了内存最小的，因为只用来下载一个办公软件，并没有什么其他要求，手机很轻，男女老人都适用，当作老年机也挺不错的，如果再给家里老人买手机会首选这款，简单大方，操作也还不错，反应很灵敏
运行速度：挺快的
拍照效果：像素也可以，因为不经常拍照
屏幕音效：很不错
外形外观：轻薄，适合年轻人，老年人"
pos,手机已收到！送货及时包装完好无损！这是买的第二个此款手机，手机使用体验感良好，外观良好，造型时尚，应用完备！很适合作为自己的备用机！且价格优惠~推荐使用！~
pos,红米手机9A手机收到了，老妈的旧手机洗衣服的时候不小心掉到水里了，没有维修的价值了。特别给老妈买了红米手机，老妈很喜欢，屏幕清晰又大，电池容量大，两天一充，非常好用，老年模式，字体更大，更加方便。
pos,"这个手机是给爸爸买的。用了非常好，一点不卡。试题很大。被小孩弄的好多了。外观也好看。屏幕清晰，音效好，拍照效果也好，运行速度也很快。
拍照效果：清晰
运行速度：超级快
外形外观：漂亮
屏幕音效：低音效果好"
pos,买来给老爸用的，手机外观精致，触屏灵敏，各种功能齐全，很适合老年人，字体大小可以调整，老爸很喜欢这款手机，真的值得推荐。
pos,小米9A    5000毫安时的超大电池非常耐用，1300万像素的摄像头无论是拍照录视频都非常清晰，6GB+128GB的内存运行流畅，869的价格简直就是性价比超高。较机身轻薄。好用。
pos,手机已经到货，外观很喜欢，手感非常棒。大屏幕，看着很清晰。开机后运行速度也不错，毕竟是4g的手机。感觉秒杀其他4g运行了。几百块钱的手机用出几千块钱的感觉。
pos,"外形外观：外观非常精致。完全看不出来是一个才500多的手机，颜值很高。
屏幕音效：声音我也试听了，非常好听，清脆铃声。长辈用的话，声音足够了。
拍照效果：拍照的效果也测试了，比同价位的其他机器强太多了。
运行速度：速度。打开app的速度，也很快。总之就是性价比超好。"
pos,第二次购买了，这次买的是黑色的，给老人用的。这款手机性价比很高，大屏幕很养眼，还能设置大字体，老人看着也清楚些。手机的音量也大，电池也大，拍照效果也不错，总体对比老人用最好！
pos,"宝贝收到了，很不错，买给家人的，用着还可以，
外形外观：很好看
屏幕音效：很不错
拍照效果：挺清晰的
运行速度：还可以吧，基本功能不卡
待机时间：挺长的"
pos,手机性价比很高，反应挺快的，给婆婆买的，足够用了，外观也好看，颜色也好看，电量挺足，能用很长时间不用充电，婆婆很喜欢，哈哈
pos,"外形外观：好大呦！而且外观简约设计.手感也很好.
屏幕音效：屏幕够大.分辨率也很好.完全够用
拍照效果：这个价位的话.相机已经很良心了.
运行速度：日常使用完全不卡.正常使用..
待机时间：大概用一天没问题的.一半用不完我也晚上充电.白天用完全够用.
其他特色：最大的特色就是性价比.没有之一&hellip;&hellip;."
pos,"湖光绿；4GB+64GB
经常网购，总有大量的包裹收，有很多的评语要
写！但是，总是写评语花掉了我大量的时间和精
カ！所以在一段时间里，我总是不去评价或者随
便写写！但是，我又总是觉得好像有点对不住那
些辛苦工作的卖家客服、仓管、老板。于是我写
下了ー小段话，给我觉得能拿到我五星好评的卖
家的宝贝评价里面以示感谢和尊敬！宝贝是性价
比很高的，我每次都会先试用再评价的，虽然宝
贝不一定是最好的，但在同等的价位里面绝对是
表现最棒的。之前家人就用过红米的手机，同事朋友也有推荐红米手机不错，性价比高，已经收到用了
，运行很流畅，显示也可以，视频这些很清
晰，一般使用没问题。系统和华为的基本一样，
人脸识别快捷使用这些功能都有。如果不是对打
游戏这些有特别要求，这款完全够了，觉得之前
买的其他品牌同价位也没比这个好多少。这次是
给老年人换机用，下次我自己也完全可以买个来
用，真的够了，电池还特别经用。还有这款颜
色，很漂亮。京东买，总体满意好好好好好

2说点儿什么呗～"
pos,Redmi9A64GB的这款手机外观设计经典，屏幕大，音效也很好，拍照效果够用，运行速度也够用，待机时间非常棒，以后还会购买。
pos,"价格亲民
大屏幕
大容量电池
超长续航，（就是冲这个来的）
当然主要是价格很实惠
这个价格买到这些配置已经很不错了
运行4g完全够用
作为备用机我觉得完全没问题
买给老人和学生使用还是不错的
拿着也大气，手感也不错
搭载12系统，虽然有些做了简化处理，但是运行还是比较顺畅"
pos,红米价格杠杠的，到手才五百多，当作备用机也妥妥的，老人用着也很合适，屏幕细致色彩好，外观高大上啊非常喜欢，屏幕也够大声音也大，滑动很流畅，拍照也非常清晰，满足了老人的日常需求
pos,这个价位的老人机无敌了，设好人脸识别，老人用起来也很方便。父亲节礼物，电池大，内存足，屏幕字体也大，声音大，千元内老人神机。
pos,"小米旗下红米品牌手机
外形外观：外观时尚好看
屏幕音效：屏幕大音质很好
拍照效果：拍照很清晰
运行速度：系统运行很流畅不卡顿
待机时间：待机时间长不用频繁充电"
pos,"外形外观：比普通智能手机还大，很意外。
屏幕音效：没有高音质需求，符合普通影音需求。
拍照效果：一般般，谈不上很惊艳。
运行速度：调教的比较灵敏，上手感觉还是不错的。
待机时间：续航能力待机时间都符合预期。
其他特色：包装简约风格，性价比很高。"
pos,"哈哈哈&hellip;
终于便宜的价格买到了，大屏，9毫米厚机身，握持感舒适，红米9A真的感觉不到厚,5000毫安的大电池,保证了待机时间，待机时间比较长，以前的顶多就用一天还不怎么上网，现在的父母看新闻和视屏能用一天没问题，还配了10W的充电器，相当给力。配置的MIUI12系统很好用，且支持人脸识别和全面屏手势，也可以设置加大加粗字体，老人家喜欢,红米9A妥妥的良心机，这个手机屏很大，适合老人视力不好的使用。第二，里面的智能小爱同学的功能，可省去很多操作步骤，老年人其实用手机无非就是打电话，视频，扫码什么的，不需要太多繁琐的功能，这款手机正好合适。其次，这款手机价格实惠，功能齐全，年轻用着打游戏看电视也同样很棒。"
pos,手机收到了，给妈妈买的，红米品牌的手机质量非常好，家里人都在用小米手机，这部手机老人用非常方便，大屏幕，大字体，大音量，大电池，还有就是小米系统非常人性化，简洁明了，功能很完善，接近完美，4加64内存，老人用足够了，愉快的一次购物，京东自营，值得购买！
pos,京东物流真的快，早上下单晚上送到，这个是给爸爸买的，帮他把app下载好，老人家喜欢用大字，设置了字体大一号，用起来很流畅，屏幕6.45用着真不错，电池容量4000毫安，妥妥地给力，上个也是用的小米，小米用惯了，真心不错，价格实惠，老人家用性价比绝对绝了！
pos,"外观时尚美观，6G+128G的内存，五千毫安电池容量
，八核处理器，双卡双待全网通，手机配置真的不错，关键是千元以内的良心价格，性价比真的很高，是同等配置手机的不二之选。"
pos,手机屏幕很清晰，音效也挺好的，拍照清楚，运行速度快，外观好看，充一次可以用几天（老人用的，只是接接电话），红米手机还是挺好的，京东购物非常放心！
pos,"还是很不错的，买给爸爸用的，价格实惠，性价比高，推荐购买使用
外形外观：手感不错
屏幕音效：够响亮
拍照效果：一般吧
运行速度：还行"
pos,"总的来说手机性价比较高，蓝色的配色也显得很时尚 自带保护套，还有电池也是强项,官方说是5000毫安充电宝级的大电量，实测可以用一天半 6.53寸超大屏幕，1,300万AI相机，最主要的是才几百块钱，当一部备机使用，非常划算"
pos,"小米手机旗下红米系列最新款的9A手机，果然没让我失望，屏幕很大，显示清晰，提前预订商品，等了超过半个月才发货，京东官方自营店的手机，品质值得信赖，特意用过很长时间才来评价的，运行速度快很流畅，性价比非常高，唯一的瑕疵就是摄像效果不是很好，特别是前置摄像头，不过完全对得起这个价格，试问这个价格还有谁？
外形外观：外观漂亮很有质感
屏幕音效：屏幕清晰，音效不错
拍照效果：拍照效果够强可以，完全对得起这个价格
运行速度：运行速度快，反应快，很流畅
待机时间：待机时间长，正常使用两天充一次电
其他特色：性价比非常高"
pos,手机包装很好，屏幕大，有极简模式，字体调到最大，老人看还不错，运行内存目前不错，要用一段时间看看，给老人也不装其他应用，应该够用了，性价比挺好，
pos,京东快递很快，两天到货。手机很漂亮，开机试玩了一会，运行流畅。给家里老人用太够了。美观大方物超所值。
pos,头天定的，第二天上午就收到了，发货神速。手机外观很好，很轻薄，手感非常好。手机反应速度很快，拍照很清晰，大音量大电量，通话质量非常好。总体讲，这手机无论作为入门机还是备用机，都是性价比首选。小米大品牌，值得信赖！
pos,Redmi9A的手机?，图像清晰，外观设计风格非常好看，屏幕音效果杠杠滴！?拍照效果极佳，运行速度快，5000mAh的大电量，4+64G的内存，非常适合老年人使用，是老年人的福音，朋友们行动起来吧！
pos,经济实惠，一次购入4台，给家里老人用，绝对够用了！流畅不卡，刷刷视频和聊天绝对没有问题的！很好！待机时间也很长！良心商品！
pos,这是第二次购买， 第一个用了半年被别人偷跑了。半年的使用感觉是：外观漂亮，手机反应快，电池非常耐用&hellip;&hellip;
pos,"机子大小非常奈斯，比我苹果X大一圈，哈哈，看电视剧还是挺爽的。双卡双待对于我来说简直不要太爽。
功能都没有问题，软件还可以分身，充电也是快充，作为备用机，待机两天轻轻松松。
备用机选择红米9A没毛病哦各位老铁!"
pos,给父母买的这款红米手机，也就打电话用用，感觉还不错，上网速度也很快，屏幕大，声音也大，待机时间也挺长，外观也挺好！京东快递师傅送货速度也很快，感谢！
pos,手机挺不错的，外观很喜欢，蓝色的，做工精细，细节很到位，用了会，挺流畅的，大电池，待机时间挺长的，买来当备用机，感觉很OK，玩了下最喜欢的游戏，电量下去的很少
pos,买了一个绿色的，感觉也很好看，质量没的说，不错，反应很快，小爱同学很方便，说一下就能找到相关功能，妈妈很喜欢，性价比很高
pos,畅销款机型，跟着销量买的，屏幕手感不错，后盖握着有点滑手，加了手机壳后完美解决，配置满足需求，包装很好，是全新正品商品，价格也算亲民实惠，电池比较耐用，减少充电麻烦这个点赞。
pos,"很好用哦，平时工作用的机子，配置刚刚好！非常棒。可以兼容很多软件呢~平时测试一些app来用相当好
外形外观：颜色很绚丽~蓝绿的视觉效果"
pos,手机不错，不是重度游戏玩家，日常用了一周也是很顺畅，第一次开机是原装新机，使用效果很满意，拍照看视频都很不错，运行速度很快，打电话音质很好，款式简单大方，更重要的是质量过硬，电池耐用，声音画质也好！
pos,小米红米9A收到了，昨天下单，今上午就收到，物流很快。开箱有手机，充电器，数据线，没有手机背壳钢化膜。开机感觉还不错，手机屏幕清晰，拍照也很好，这个价位的也算不错了。系统也流畅，不卡顿，买的64gb，还有49.19。我也不玩游戏，当备用机是很可以的。好评！
pos,这个小米手机真不全首，电池容星大，像素也可以，带护眼木莫式不伤眼睛，功能多，性价之王，京东快递交也快，晚上下单，第二天早上就到了，京东就是快，好。
pos,"手机虽然不贵，但是包装特别用心，杜绝了物流过程中损坏的可能性，
手机操作很方便，字体可以设置的很大，给力老人用非常合适，
拍照也足够一般使用了，电池很耐用，两天一冲，总体来说性价比非常好，基本没有第二个可比了，很好的产品，推荐"
pos,"手机质量很好，手感也很好，手机运行速度也很快，
外形外观：美观大气
屏幕音效：声音很响
拍照效果：拍照很清晰
运行速度：运行速度很快"
pos,外观很喜欢很喜欢很喜欢，老人家都说好看。确实很好的红米手机。这个性价比无敌了。确实不错不错不错不错。感觉我赚到了。屏幕显示细节都很好，拍照片看看也很好看。老人家说过几天用好了，再买一台送人家。运行速度很快，安装软件可以说很快！这个手机很值得购买。京东快递服务到位，很值得拥有。
pos,"第一台智能手机是小米1S 青春版，之后就一直是小米或红米，小米云服务很好，新手机登录ID 后，放那等着资料和APP 就全部同步到新手机了。
这次买的红米9A，是给爸爸买的，微信，***，刷视频，都可以，流畅度也不错。因为一直用小米所以新手机也不用重新学习。很好！
蓝色的色彩也不错，挺好看。京东物流也也是一如既往的快！直接送货上门也很省心！
总的说，这次是个不错的购物体验。"
pos,这是第二次买了，上次买来给爸爸用，用了一段时间非常喜欢，功能齐全，用着很流畅。手机声音也大很适合老年人使用。这次又回购，给家人都换上新手机。第一次买小米手机，性能模式都很好，老年人上手也很快，随便教一下都会了。
pos,"下午9:08
拍照效果：摄像头很清晰 通信音
质：打电话声音大音
质也很棒 运行速度：运行起来很
流畅，很满意的一次
购物体验，大家不要犹豫了"
pos,赞赞赞！作为一个备用手机真的特别赞?想要的功能全有了，小米还真的是亲民价！喜欢的不行，感觉也不比7000-8000千的手机差，哈哈哈哈哈感觉真的值了！好！
pos,一直想买一台性价比  各方面都可以的手机  观摩  测评了好多平台的手机  最后选择京东  正好碰上活动加购物券  到手很划算  老人用足够  商家发货速度很快  到手也很完美  无磕碰
pos,这款手机大小尺寸刚好，老人家使用起来非常方便，屏幕显示也很清晰，操作起来简单方便，大容量电池可以减少充电次数，很适合父母使用。
pos,"给家里的老人买的 很好用 也很便宜 
大屏幕 运行速度也快 
老人很喜欢 
耐用 很实惠 用个两三年肯定是没有问题的
小米越来越棒了～"
pos,"外形外观：外形设计很好看，手感舒适。
屏幕音效：屏幕分辨率达到极致，尤其照片显示很清晰。
拍照效果：拍照效果很好??，拉远了也很清晰。
运行速度：运行速度快，新手机反应太快。"
pos,"外形外观：手机外包装是白色的，上面型号名称印记非常清晰，一目了然
拍照效果：小米手机真的越做越好了，拍照也很清晰，自带美颜功能，大广角，很赞哦
待机时间：充电一次可以用好久，我们买来当做测试机，玩游戏的，游戏玩了很久了还依然电量充足
其他特色：京东送货物流速度真的不要太快，而且送来的包装也很好，完整无缺，里面的东西还有一层气泡膜，保护的很好，五星好评"
pos,红米手机的质量与品牌是不容置疑的。反应快，拍照像素高清，系统运行较好，外现新潮美观，手感舒适，按键合理，屏占比高。物流的次日达，超赞。
pos,这手机非常适合老年人的智能入门机或者低收入人群的首选智能机及备用机，符合日常微信聊天，看看视频等需求，应该给他们选择更换的手机，就落到他们的儿女身上，很多年轻人给自己父母买红米9A，相比于营业厅那些补贴杂牌机子，红米9A良心价，良心配置。摔了，丢了，父母不心疼，儿女也放心。
pos,给父亲买的，当老人机用。因为软件不需要太多，试一下还算流畅。设计也不错，背部花纹细腻不粘指纹，手感也是非常好。专用的极简模式，老人用起来非常方便
pos,手机收到了，发货速度很快，外观精致，颜色好看。功能齐全，声音大，操作方便，很适合老年人用。这只羊真是太意外了，实物美美哒，触感灯泡。嗯推荐。运行速度也很快。打游戏不卡，值得拥有。
pos,"首先打开快递包装，单看包装盒就是高大上的样子。
接着打开包装，手机第一眼看上去，这手机颜值很高，有点嫌弃我的努比亚红魔3了。
最后开机测试，手机运行很流畅，双卡双待，并且支持扩展SDcard，看了看详细配置，确实没有让我失望，也安装了几个应用，下载速度也很快，手机功能也比较齐全，性价比超高，颜值也超高。"
pos,"手机是给家里长辈使用，一直都是在使用红米系列的，原来的4X实在太卡、都影响到接听了。
手机整体外观很漂亮，买的是湖光绿，颜色很清晰。屏幕很大，搭载的是最新的MINI 12 系统，反应很灵敏，手机像素也不错，电池容量有5000mAh，实际续航能力，还要观察。
手机的存在的不完美之处是没有指纹解锁，连原来的4X都携带了，手机接口都还是Micro USB接口，未升级到USB Type C接口。"
pos,之前妈妈用的就是红米的手机，用了快5年，因为内存太小反应慢才换的手机。这次换机自然首选红米。外观好看，屏幕鲜艳，反应速度快，照相效果也好。妈妈很喜欢，因为手机好用，还入了红米的耳机，一样棒棒哒
pos,外形外观：整体来说，看这个机器还是不错的，小米的品质的品牌呀，都摆在这里。用啊，流畅度，我使用了，新机器木匠感觉还是。非常，好的。嗯。使用，且还是蛮不错。性价比超高。北99块钱，真的是。性价比超高的。还有，选的是京东自营的产品。第一天下单，第二天到货。京东速递，使命必达呀！我觉得这是今冬最大的优势了。
pos,多次购买了Redmi9A4GB+64GB晴空蓝这部手机了，这款手机待机时间非常长，拍照效果OK，屏幕大，声音响亮，运行速度也不错，下次还会购买。
pos,外形外观：设计一如既往的漂亮，煎蛋器流畅音质很好，清晰度高，拍照清洗，很流畅，不卡顿，京东商城发货速度很快，手机价格实惠，性价比高，不管是打游戏还是电话视频网速都不卡顿，处理器处理能力大富顿提升，
pos,"外形外观：蓝色很好看，而且保值
屏幕音效：看电视，足够了，没有杂音
拍照效果：红米像素一直都可以，而且还有优化，很好
运行速度：很迅速，毕竟新手机，还是不错的"
pos,"手机性能：续航很好 拍照清晰 运行畅快
开机速度快，界面优秀拉风附有科技感，比起传统安卓鹤
立鸡群;自带常用软件齐全，功能实用无微不至（能管理开
机自启，自带流量监控显示，短信黑名单，播放器显示歌
词）；
前置摄像头比预想给力，整体颜色满意，发热不明显；屏幕显示细腻旦在阳光下清晰，外屏防划，推荐购买给老人用"
pos,手机第二天就收到了，京东物流就是给力。包装很好没啥问题，就是不能套餐购买还得另买手机壳和钢化膜。给老妈买的，音量大，字大，运行速度挺快的。老妈拿上后挺高兴的，好评！！
pos,京东搞活动的时候购入的618价格非常的划算，原来价格就比较逆天了，这个给老人用正好是老人的一个备用机。虽然容量不是很大，但是作为备用机来说，正常使用，安装一点基本软件，用起来没什么问题了也不卡，拍照也挺不错的，我用这手机随手拍了一下菜肴，感觉也挺好的。
pos,买给老人用的，字体可以调大，内存也很大。这个价位能拥有这般配置很优秀了，大屏幕，八核处理器，4g运行内存，64g内存，简直太实惠了，京东物流一如既往的快，总体不错的哟。买给老人用的，字体可以调大，内存也很大。这个价位能拥有这般配置很优秀了，大屏幕，八核处理器，4g运行内存，64g内存，简直太实惠了，京东物流一如既往的快，总体不错的哟。
pos,"很好的机器，老人人用很合适，很好，电池耐用，使用方便，屏幕清晰
外形外观：美观
屏幕音效：分辨率高
拍照效果：效果很好
运行速度：快"
pos,"4GB+64GB晴空蓝
小米红米手机Redmi9A形精致美观大方，大屏幕大音量大字体，像素好拍照非常清晰，音乐播放音质好，运行速度快看新闻视频反应快，电池容量大待机时间长，打电话播放音乐视频可放心使用，小米是一款不错的手机。京东快递速快，服务到位。"
pos,"外形外观：总体来说，外观很不错，也是很好看的，6.53英寸的水滴全面屏，大屏大字体，手机的手感很好。
屏幕音效：外放大音量，搭配3.5毫米的耳机孔，通话时还可放大音量。
运行速度：相较于同等价位的机子来说，红米9A搭配MIUI12版本，Helio G25处理器，日常的聊天，刷视频也还不错，特意下载王者荣耀试玩，体验还不错，基本不太卡。
待机时间：电量很足，拥有5000mAh大容量，非常是个老年人使用，充满电也非常快。
拍照效果：机子本身分辨率1600&times;720P，八核处理器，前置镜头500万像素，后置镜头1300万，正常的光照下拍照还可，还可以使用专业模式下拍照。不过在光线不充足的情况下，效果还是不太好。
其他特色：看中性价比，并且是老年人试用，还是非常合适的，价格亲民，还有极简模式。"
pos,"#最炫酷的手机最靓的仔?
想要一部手机来做备用，不希望价格太高，只要实用就好，在商城里转了很久，觉得这款手机比较实惠，显示屏很大，样子十分酷炫，可供选择的颜色各有千秋，通过对比，我觉得湖光绿更符合我的审美和品味，给人一种非常时尚的感觉，最终选择了这个型号。
说一下个人感觉：
外形外观：酷炫十足
屏幕音效：声音够大够清晰，立体感强
拍照效果：清晰，同价位手机?中算是性价比不错的
运行速度：能够流畅运行
待机时间：使用一整天问题不大
其他特色：屏幕大，屏幕很大，屏幕非常大
重要的事情说三遍！
总体比较满意，特别是屏幕的大小！"
pos,"外形外观：好靓，好漂亮的手机
屏幕音效：声音够大
拍照效果：好清晰
运行速度：有点卡顿
待机时间：超级耐用，一个星期充一次电
其他特色：超级耐用，红米永远的神，性价比最高没有之一，真棒的手机"
pos,"外形外观：黑色外壳，看起来很有档次。
屏幕音效：简洁明了，声音清脆。
拍照效果：还不错。
运行速度：买给老人用的，就只下载几个基础功能app，内存够用。
其他特色：比想象中的要好，外观大气，整体都不错。"
pos,手机超级大，用的超级舒服。而且拍照效果特别好，特别清晰。运行速度超级快，而且反应也挺快的。充电非常快，电量耐用。而且音质比较好.手机正品，屏幕大，给老年人用很好，这配置这价格还要啥自行车。小米忠粉。小米加油！不错，屏幕够大，好用。电池容量也大，续航时间长。都记不清多久没用安卓手机了，首选小米.其他特色：我觉得是非常不错的 相对于实体店的话 拍照效果：可以 是清晰的哦 电池续航：完全不用担心 我买了送爸爸的 很不错哦 通信音质：声音很大 字体大小也可以调节 运行速度：nice nice！ 显示效果：如果还在犹豫的小伙伴 可以入手了哦.
pos,"还不错哦！
外形外观：高端大气上档次的外观，波澜壮阔的大蓝色，非常高
屏幕音效：非常棒
拍照效果：拍摄效果完美
运行速度：嗖嗖的
待机时间：啥是待机时间
其他特色：暂时没发现呢"
pos,"一直都在京东自营购物，一直喜欢红米手机，物美价廉，我做备用机使用。应该比原来的备用机好用
外形外观：评论
屏幕音效：很好
拍照效果：还行
运行速度：平时够用不玩儿游戏
待机时间：待使用"
pos,给爸爸买的，爸爸年纪大了，特意选了一个屏幕大一点，可以调节字体的，身边有很多选择红米的，买来以后爸爸看着很方便，而且使用起来很流畅，尤其是这个手机的音效，特别好，物超所值！
pos,"发货很快，质量很好，声音大，声音很清楚，拍照片很好，网速很快，下载安装也是很快，太喜欢了，价格划算，
外形外观：很好
屏幕音效：很好
拍照效果：很好
运行速度：太快
待机时间：很长
其他特色：太喜欢"
pos,给姑姑买的，屏幕大，续航久，蛮喜欢的，MIUI系统非常贴心，家里很多款小米手机了，用了前后加起来有十年了，支持国产，支持国货
pos,我是红米的老用户了，前后共买过4部红米，这次10A出来了，价格不贵，适合本人的要求，因此，昨晚下单今天下午就到了，非常快。这款机子外形美观，手感舒适，宽度适中，单手握着不费劲，更难得的是带后置指纹，这个已不多见了，屏幕划动很轻快，拍照效果一般，运行速度较快，特别是小米系统是我最喜欢的，比其他手机的系统要好。
pos,手机很不错，反应速度快，无卡顿，下载安装速度也挺快，手感也挺不错，老年用很不错，电池电量大，耐用。总体不错，信赖小米，一直支持小米。
pos,"屏幕很大，老人看着方便；
电池充足，两天不用充电；
系统简便，老年人上手快；
质量不错，小米手机挺好。"
pos,入手红米9A的最大因素就是价格便宜，同级别款手机基本很难做到千元以内，所以家中常备，以便不时之需，屯也屯得起，堪称良心机首选！精挑细选很久?，最后决定买这一款?，到货后果然没有让我失望，实物很漂亮?，做工很精细?，特别满意?
pos,"外形外观：给长辈那个，他们很喜欢！复合大众审美
屏幕音效：屏幕大气辨识度高！音乐和铃声处理的很好！
拍照效果：效果一般，不过这个价位也没有什么要求！视频聊天普通普通拍照满足日常生活
待机时间：很不错！轻度使用夜间开启省电模式很不错
运行速度：满足正常使用"
pos,选的是蓝色，是我喜欢的颜色，屏幕很大，开机后色彩鲜艳，操作流畅，也没有搭载很多莫名其妙的软件，拍照效果也完全满足需求，运行速度很快，待机时间长，没想到现在科技发展到这种程度了，这么好的手机居然不到600块，惊呆了，手机的性能确实很不错，良心之作，必须支持。
pos,"因为又办了一张电话卡，所以入了一台备用手机，在网站上看了看，就选择了红米9A。
红米的设计一如既往的简约大方，背部采用了水波纹设计，防滑防指纹，晴空蓝还是挺好看的，不准备装手机壳了。
护眼模式和大音量扬声器很好很强大，看视频舒服，非常适合刷个剧什么的，电池5000mAh的电池也很坚挺，足够日常使用。
64GB的内存足够大，系统也很流畅，MIUI系统的深色模式看起来也很舒服，总的来说是一台非常顺手好用的备机。"
pos,系统稳定，字体可以设置的适合老年人使用。买来给老妈用非常合适。说实话，这个手机还是非常适合老年人的，老年人毕竟不玩大型游戏之类的。
pos,这个手机真不错，对于给老人使用来说，性价比真的高，手机颜值也很高，运行速度很快，拍照也很清晰，尤其还有一块大容量电池，续航能力杠杠的，声音也非常大，屏幕尺寸很是令我惊艳，老妈拿上以后爱不释手，根本停不下来。好评
pos,"外形外观：外形简洁大方，使用手感很好
屏幕音效：屏幕很大，声音也够大适合老年人
拍照效果：拍照清晰，聚焦效果好
运行速度：使用速度快，使用起来很流畅，不卡
待机时间：待机时间长，可以用很久了"
pos,"外形外观：非常满意！屏幕大。。
屏幕音效：屏幕大，声音大，字体大，适合老年人
拍照效果：还可以，老年人够用了
运行速度：新手机，暂时没啥问题
待机时间：待机时间够长，老年人使用五天充一次电都行
其他特色：京东自营，品质保证，买的放心，送货上门，服务一流。"
pos,"外形外观：经典黑色的外观很耐看，磨砂手感，拿上手很有质感。
屏幕音效：音量挺大声的，还有系统字体也够大，适合长辈
运行速度：暂时觉得很快，毕竟新手机，用久了就不知道了。
拍照效果：拍照有点慢，照片很容易模糊"
pos,这是老公给老妈买的一款手机，这个手机屏很大，八英寸蓝色的颜值很高，老妈非常喜欢爱不释手字很大，适合老人容易上手非常好操作，值得推荐，小米这个品牌，不愧是大牌，支持
pos,"整体来说,看这个机器还是不错的,小米的品质的品牌呀,都摆在这里。用啊,流畅度,我使用了,新机器木匠感觉还是。非常,好的。嗯。使用,且还是蛮不错。性价比超高。好用。"
pos,"外形外观：相比现在的超大屏手机，这款手机拿在手里很舒服，实用性很好，适合家里的老人使用
拍照效果：摄像功能不错，满足日常使用的需求

待机时间：待机时间长，身材小巧，功能强大"
pos,国产处理器，整机主板上绝大多数零件都是联发科一整套方案解决，系统流畅。屏幕、音质、画质、甚至通话质量等功能都比较好。手机的做工和质量还保持大厂风范。手机的外表简洁、大气，整体做工也比较精细，特别是后盖上面的磨砂做的很漂亮；手机比较轻薄，拿在手里很舒服；屏幕很清晰，反应速度也比较快；功能齐全，音质很好；价格实惠，性价比很高。
pos,手机是给家里老人买的，手机自重轻，单手操作也方便，大容量电池续航能力强，图像清晰、音量打，价格实惠，性价比高，非常适合老人用。京东物流，超赞！
pos,在实体店看好的款式，外观简单大气，网上更优惠，而且物流也很快，包装很好，没有磨损的情况，屏幕音效很好，拍照效果一流，运行速度快，不卡顿，值得回购！
pos,手机颜值很高 价格便宜 性价比特别高 物美价廉 当老年机特别合适 字体大 声音洪亮 屏幕也适中 运行速度也可以 给个好评 希望你们越做越好
pos,"红米，质量高好的宝贝收到了，给妈妈买的，特别好用，之前就用的红米，质量各方面都很不错，这次果断又选择这个，真的是很实惠，特别推荐！
屏幕音效：好
拍照效果：好
运行速度：好"
pos,"外形外观：手机外观还可以。给老人用的不错，屏幕也很大
屏幕音效：声音很大，音质算还可以
拍照效果：拍照也很清楚。老人用足够了
运行速度：4+64配置。老人机已经可以了
待机时间：大电池容量，待机也很长"
pos,"外形外观：好看
屏幕音效：好听
拍照效果：好靓
运行速度：好卡
待机时间：好长
其他特色：便宜优惠
非常实惠耐用  果然是性价比之王的手机，无比的强大，备用机首选，真棒"
pos,"外形外观：不厚，我觉得很好，手感也不错，只有小米那么厚道了
屏幕音效：屏幕好看，对的起价格
拍照效果：可以的，够用
运行速度：可以，一分钱一分货，可以
待机时间：挺长的，反正，
其他特色：红米手机可以的，放心购买！"
pos,"外形外观：外观大气平整，握感好！
拍照效果：拍照像素高，拍得非常好，自带滤镜效果。
运行速度：由于是新机运行速度非常快，我也只是用来办公。价格低廉，很划算！
综合起来说一下。就是价格便宜又好用，很适合办公用。"
pos,刚收到货，马上试了一下，6.5 寸的大屏幕，手感很好，颜色是晴空蓝非常好看的颜色，来电清脆大声，拍照也是非常清晰，还带美颜功能，4G的运存已经足够日常使用，128G的内存可以放很多部的电影了，5000毫安的大电池，应该可以用个两天没问题。先好评，日后看看再追评
pos,"外形外观：还不错?
屏幕音效：还可以?
拍照效果：差不多?
运行速度：还行吧?
待机时间：长长长?
其他特色：性价比最高的老年机?????用着是真不错，?老人很喜欢??&hellip;&hellip;"
pos,高大上的感觉，屏幕大分辨率也很不销。很适合老年人使用，电池续航时间长，用了好几天了，两天充一次电就够了。对老人来说这款智能手机非常合适。
pos,"外形外观：很好看，很时尚，用起来很靓丽
屏幕音效：音效和屏幕用的都是顶级的，体验感满满。
拍照效果：像素很高，拍出来效果不错
运行速度：很快，用来嗖嗖的"
pos,"小米不愧为性价比之王，无论哪款基本都是很不错的，外观好看，速度也快，电池大。
适合老人使用"
pos,速度太快了，第一天买，第二天就收到了，我是买来做备用机的，外观设计不错，手机屏幕够大，看视频直播和适合，运行速度快不卡顿，拍照画面清晰，字体大小合适，音质效果不错，物美价廉，非常喜欢
pos,"外形外观：黑色非常耐看，大小也很合适
屏幕音效：屏幕还行，声音很大，不怕听不见铃声了
拍照效果：拍照也可以，日常用用够了
运行速度：运行很流畅，反应灵敏
待机时间：大电池容量，待机时间长，用个两天一点问题没有"
pos,外观非常漂亮，颜值非常高。屏幕清晰度高，非常清晰，音效非常立体，拍照效果很棒，像素绝对超级棒，运行速度非常强，大内存就是好，运行起来方便流畅。
pos,红米的这个手机很不错，外观漂亮，屏幕很大，音效好，播放视频和音乐声音很充足，拍照效果很好很清晰，照片也不容易模糊，内存64G很够用，手机运行速度很快一点儿也不卡，待机时间很长，喜欢！
pos,外形美观，大小合适，颜色好看给人眼前一亮的感觉，音质很好，拍照效果非常好很清晰，运行速度很快，待机时间很长，关键还物美价廉，杠杠滴，值得购买，强力推荐哦，喜欢的亲可以着手拍下。赞?赞?赞?赞?赞?赞?
pos,手机用了有几天了，很好用我们一家子的用的都是小米手机，充电快，反应敏捷，手机内存大，外观好看大气，像素清晰，在阳光下看的特别清晰，京东送货快，服务好，值得购买！
pos,"买的Redmi 9A 智能手机早就到手了，砂石黑，沉稳大气，3D曲面机身，水波纹设计，手感很舒适。
     这款手机一大亮度就是，5000mAh大容量电池，续航能力非常强，还有内置1300万摄像头，八核处理器，6GB+128GB大容量，6.53寸全面屏，低蓝光护眼屏，性价比很高?"
pos,手机性价比超高，屏幕很大、声音很大，非常适合老人，运行速度也不错，清晰度也很好，电池超级耐用，设计也非常大方好看，整体非常满意，唯一的遗憾就是一个订单里的洗发水和手机装在一起，让我和快递小哥一顿找呀，还以为落下了。毕竟是两个品类，建议还是分装比较好！
pos,手机非常好用，我买了好几部，不光我家里人使用，我还给我媳妇亲戚那边的老人使用。太智能的手机，老人也用的不是太顺手，功能越简单，待机时间长都是老人首选，9A都满足这个要求。好手机，值得信赖。
pos,好！很好！非常好！性价比高，美观大方，电池耐用，运行速度快。
pos,手机已经用了一段时间了。总体来说还行！我是用来当备用机的，对于这个价格来说，已经很便宜了。反应速度也挺快的。手感很好。拿在手上感觉没那么厚重。在家里给孩子玩，这样就不会拿我的手机去玩游戏了。也不用担心被乱扣费了！
pos,京东配送快，收到非常的满意。价格便宜实惠，很喜欢。内存大，运行很流畅，款式好看，拍照也很清断。用来当备用机，很合适。
pos,买给爸爸用的，很合适老人用，字体大容量够。转运流畅一点不卡，这款手机无论各方面都很棒。值得购买。
pos,"外形外观：买的蓝色很漂亮，屏幕水滴屏也还算可以
屏幕音效：水滴屏观感不错，素质作为入门机还不错，声音很大，适合老人用
拍照效果：拍照效果还不错，老人够用了
运行速度：6+128的规格，运行速度快，老人用着不会卡"
pos,"外形外观：朴实无华，落落大方
屏幕音效：音质细腻，屏幕色彩鲜艳亮丽
拍照效果：拍照清晰防轻微抖动
运行速度：手机运行速度很流畅，很快
待机时间：待机时间超长，线下感觉还是不错的，追加评论再试试"
pos,颜色非常漂亮，买给老爸的，很喜欢，摆脱了大多数老人机的黑色，性价比很高，满足日常使用没问题，音量大，字体大，运行速度快，操作容易上手，非常满意
pos,"电池续航10天没问题?,6.53大屏幕看视频非常震撼?,看电影电量能维持一整天?,而且还是全面屏?,晚上躺在被窝里舒服的很?,拍照像素也很高，自带的美颜功能非常实用?,手机扬声器也很棒?音质音量方面都很有保障?字体也很大，即使是老年人用也很实用的?,性价比很高"
pos,"外形外观：美观大方，简约时尚，握持舒适
屏幕音效：音效声音大，通话清晰无杂音
拍照效果：拍照效果不错，很清晰
运行速度：运行速度流畅，无卡顿
待机时间：待机时间长，一天足够用
其他特色：物流很快，很给力"
pos,大品牌值得信耐，外观大气时尚，给家里老人买的，在实体店看好的，京东下单，价格优惠些，昨天买今天就到了，屏幕音效好，拍照好看，运行速度快不卡顿，非常满意！
pos,买来作为备用机使用的，首先考虑的是价格要经济实惠机器耐用。作为一个备用机完全够用了，主要是电池够大特别耐用，平常用用的少的话3，4天一充都没问题。
pos,"外形外观：靓丽 美观大方
屏幕音效：音质好挺不错的。
拍照效果：拍摄效果也挺好千元机已经很不错了。
运行速度：运行速度也挺好，父母用挺不错。
待机时间：待机时间总体还可以，试了一下非常可以。"
pos,"外形外观：外观大方简单
屏幕音效：音质饱满浑厚，屏幕温和不伤眼
拍照效果：拍照清晰
运行速度：响应速度快，不卡顿
其他特色：这个价位很不错了，值得入手"
pos,"外形外观：外观特别好，我们家都是米粉，差不多十年的米粉了
屏幕音效：音效不错，给爸爸买的手机，够用了
拍照效果：拍照可以，老人用，够用
运行速度：速度可以，毕竟新机
待机时间：时间很长，电池大
其他特色：颜值**！！！"
pos,"外形外观：看着不错，摸着也很舒服，很轻薄
屏幕音效：屏幕很大，给外婆买的，字体可以调大，很适合老年人使用
拍照效果：拍照也可以
待机时间：待机时间特别久，电池容量大，三四天才需要充一次电"
pos,"屏幕音效：声音很大，适合老人使用。
拍照效果：能扫码，放心吧
待机时间：时间没得说，估计果子13也赢不了它
其他特色：超长待机，还在也就小米还在百元机里耕耘了，希望坚持。
运行速度：目前还不错。"
pos,"趁着双十一特价购买的，给家里老人用，性价比很高、一家人用的都是小米，哈哈哈，也算是米家了。
外形外观：外观很优雅，黑色很好看很百搭。
屏幕音效：屏幕很清晰，老人用字也能看清楚。
运行速度：运行速度很快，处理器很好。"
pos,非常满意的一次购物，屏幕效果不错，运行速度快，这个价位性价比很不错了！！手机是买给老妈用的，用了俩月了，感觉手机使用很方便，竖起刷脸解锁使用便利，老人不用频繁操作，还有老人专用屏幕信息一键放大，再也不怕眼花缭乱了！
pos,帮家里老人买的，手机屏幕很大，字体调大后不用带老花眼镜也看得很清楚，内存容量也不错，运行速度快，另外还有&ldquo;小爱&rdquo;可以呼叫帮忙查找软件或者拨打电话，特别适合老人，唯一不足的就是像素，太模糊了，好在老人家不喜欢拍照也倒无所谓，总之还是很满意的，希望耐用
pos,全新正品未激活，红色看着好喜欢。运行速度运行速度快，质量很好拍摄很清晰，音质也很好，非常不错，推荐给大家！按照商家给的三步验证是否正品，已经验证过了，是正品。用了几天，感觉非常棒啊，网速快，屏幕清晰，非常满意
pos,买来给小孩子上网课用的，还要拍图片上传作业。特别喜欢手机的蓝色外壳，屏幕也超级光滑，可以当镜子用了。拍照也还清晰，如下桂花图片就是用此手机拍的，我立马又在网上买了保护壳和屏幕保护膜。相信京东自营店，物流快，隔天到货。
pos,"很好，性价比超级高！作为备用机，不打游戏，刷刷视频没问题。
续航时间非常满意。"
pos,这个手机真的是太好用了，买了一台又一台，真的是太爱小米手机了呜呜呜，小米手机真的太棒了，这个手机完美运行吃鸡王者，等大型游戏，就是画质不太好，喜欢打游戏的记得冲冲冲
pos,"redmi9a一款十分建议给家里上了年纪或者小孩使用的一款机子。单纯在在价位上来讲，600元的定价可以说基本上同级别其他品牌摇摇欲坠。
再说性能，599的价格给你带来的感觉绝对不差于1千多两千多的产品。
屏幕大，miui的操作系统也容易上手。十分喜欢。"
pos,"外形外观：外形漂亮，大气，很大适合手大的。
屏幕音效：音效还不错！
拍照效果：拍照在这个价位来说算可以了。毕竟一分钱一分货。
运行速度：老人用着还行。
待机时间：新买的足够用。
其他特色：适合老人用。"
pos,"BX屏幕也大,有赠??品,这性价比真的是没谁?了。续航五天吧,吃鸡?不卡,质量有保障,经??济实惠。货真价实,宽??度用着顺手,还可以了?。包装很到位,一直也?挺满意,玩游戏不卡,?拍照也是非常清晰。给?父母用的,"
pos,外形外观：水滴屏符合主流审美。屏幕音效：喇叭功放很强。拍照效果：强于一般的百元机。运行速度：很流畅，~，~，@等老龄化毫无压力。待机时间：很赞，480的最强之处就是功耗控制的很好，给老人家用，续航可以两天一充。
pos,"外形外观：颜值高，手感好，大小合适
屏幕音效：大屏幕，音效效果很好，喜欢，
拍照效果：好看，
运行速度：速率高，不卡机
待机时间：待机时间长，
其他特色：价格合适，性价比高"
pos,"外形外观：很酷的呢，很喜欢
屏幕音效：声音大，很清晰
拍照效果：很好的一个
运行速度：还可以的不卡
待机时间：时间长，续航能力强
其他特色：挺优惠，性价比高的"
pos,速度比较快，非常的性价比很高也很划算，性价比划算，便宜了不少，价格实在，满意，客服的服务态度非常不错，经常性的买，质量应该没有问题吧！喜欢JD买电子产品满意！
pos,"手机非常棒，买来当备机的，试用了一下，速度快，不卡顿，屏幕清晰，存储充足，值得拥有!系统流畅。物美价廉!老爹很满意!王者荣耀还是有压力，只能开 流畅画质，不能开高帧率。... 如果非要打游戏的话也能无卡顿运行《王者荣耀》,使用低画面质量、低粒子质量、高分辨率,开启多线程和高帧率模式体验了一把。但是高配置的时候，有时会掉帧。运行完全够,就是画质不能开高。和平精英的话个人觉得就算了吧，玩的话应该是可以，但是应该不会特别流畅，只能开最低的画质吧。非常适合给家里的老人买一台，很多.爱学习的小初高中生也是非常，当个备用机也行。5000mAh的超大电量足够让你上一天的网课。"
pos,包装完好，配件齐全，运行流畅，通话清晰，可以设置为适合老人使用的环境，适合老人使用，母亲很快就学会了基本操作，非常高兴。
pos,手机质量很好，待机时间长，色彩饱和度不错，屏幕很大，分辨率很高，运行速度快，系统流畅，五星好评！
pos,待机时间长，拍照清晰特别好看，分辨率高，各方面都挺好的，值得大家入手，手机很好用，主要是手感很好，反应也非常的快，拍照效果很清晰，喜欢的抓紧入手吧，是正品，外观非常好
pos,"外形外观：外环超级好看，对于价格来说物超所值
拍照效果：拍照效果也不错，老人用足以
待机时间：待机时间很长，使用方便"
pos,"红米手机优秀。经常网购，总有大量的包裏
收，有很多的评语要写！但是，总是写评语
花掉了我大量的时间和精力！所以在一段时
间里，我总是不去评价或者随便写写！但
是.
我又总是觉得好像有点对不住那些辛苦工
作的卖家客服、仓管、老板。于是我写下了
一小段话，给我觉得能拿到我五星好评的卖家
的宝贝评价里面以示感谢和尊敬！宝贝是性
价比很高的，我每次都会先试用再评价的，虽
然宝贝不一定是最好的，但在同等的价位里面
绝对是表现最棒的。红米手机不错，已经收到
用了几天了，运行很流畅，品示也可以，看视
频这些很清晰，一般使用没问题。系统和华为
的基本一样，人脸识别快捷使用这些功能都
有。如果不是对打游戏这些有特别要求，这款
完全够了，觉得之前买的其他品牌同价位也没
比这个好多少。这次是给老年人换机用，下次
我自己也完全可以买个来用，真的够了，电池
还特别经用。还有这款颜色，很漂亮。总体满"
pos,给父母购买的手机，首先，这款手机非常大，字体也很大，屏幕很宽?颜色不错，购买的是一个套餐，膜和手机壳都含了，一次到位，性价比很好
pos,设计的很好看，拿在手里手感非常好，现在小米的做工越来越可以了，屏幕显示效果很不错，对比度很高，不刺眼，喇叭不管外放还是听筒音量都很大。适合老年人
pos,红米9A真香，让人惊喜的是，系统它内置的极简模式，对于大连用户来说很友好很友好，再加上MIUI 12的其他特性确实是一个亮点，5000毫安的电池用量配上这样一个处理器续航绝对没得说的，日常使用两天足够了。
pos,"外观设计好看，有特色颜值高，系统流畅，图像清晰
屏幕占比很高，满满的屏幕，握感很好，好舒服，电量大续航久，很喜欢，不错。"
pos,荣耀X30千元机的价格性价比很高，顶部和左右边框都比较狭窄，视觉上实现了更高的屏占比，背部设计的&ldquo;圆筒&rdquo;型镜头模组非常完美对称，而且荣耀X30采用了4800mAh电池和66W快充的组合，30分钟可充入81电量，作为一款千元机也不差！拍照采用的是4800万像素AI三摄满足基本拍照要求没问题！
pos,超薄手机，配置齐全，硬件一流，手感颜值真是棒极了，荣耀品牌我信赖！大赞！
pos,"运行特别流畅，眼镜也特别舒服，物流很快，物品完好无损，用起来很舒服，喜欢?
外形外观：颜色特别亮，很喜欢
拍照效果：像素特别好，很清晰"
pos,上一个手机用的就是荣耀的，价格实惠，打开看很靓丽，外观设计不错，手机手感很薄，画面流畅，清晰，极速充电，待机时间较长，很满意。
pos,顺畅超级超级美的配色，光线不一样的时候，会有不同的色彩和光泽，手感极好。用起来顺畅，充电快，唯一的遗憾就是没有耳机。京东次日达真的太方便了。妈妈很指喜欢！
pos,屏幕超大，清晰柔和。触摸灵敏度高，操作顺畅丝滑。电池容量大，充电超快，待机时间长。外观很大气，后置摄像头很抢眼，千元良心机！
pos,"外形外观：大方精美上档次，手感也很好，这个价位里的翘楚
屏幕音效：屏幕大，显示效果好，音效佳，听歌很棒
拍照效果：像素高，色彩好，拍照效果杠杠的
运行速度：CPU给力，内存大，运行速度贼流畅
待机时间：待机时间长，用的少一天都不用充电
其他特色：这个价位的5G手机里面性价比很高的了"
pos,"外形外观：屏幕很大，适合追求大屏的盆友，摄像头很炫酷。
拍照效果：像素清晰，能够满足日常拍照和视频需求。
待机时间：电量耐用，充电一次至少可以使用一天。"
pos,"外形外观：外观感觉还行，特别是后置矩阵相机比较有辨识度
屏幕音效：lcd护眼屏，老年人用真的友好，边框居然非常窄，确实可以
拍照效果：调教了很多年的镜头了，拍照扫码足够用
运行速度：系统还是很流畅的，加上高刷屏幕，就等时间来考验了
待机时间：大电池与快充真的很好"
pos,收到了，有几个惊艳的地方，1.重量比较轻，不累手。2，显示屏边框比较窄，感觉手握着屏幕，视觉效果好。3，打吃鸡游戏不卡，也不发热，掉电比较慢。体验很好。4，快充太给力了。真的是节省时间。5，摄像头模组挺好看。颜值到位。6，整体运行非常流畅，用了很多华为手机，系统优化的非常不错。
pos,"外形外观：美观大方。显示屏真的很好很窄的边框。
屏幕音效：很好很好
拍照效果：挺好的   很清晰
运行速度：流畅运行
待机时间：挺长的
其他特色：整体性高"
pos,"外形外观：外形漂亮大气、很漂亮很喜欢！
拍照效果：拍照还可以、这价位值了！我很满意！
运行速度：运行虽说不上很快、但也不差！再配上这个价格、个人觉得完全超值！
待机时间：试着用了一下感觉待机很不错、充电也很快、很满意！
其他特色：手机外观漂亮大气、价格也不贵！买来给父母用很不错！谢谢京东！"
pos,"外形外观：流畅简洁，摄像头占比小，窄边框，很好看。
屏幕音效：流畅清晰，色彩鲜艳。不伤眼镜。
拍照效果：四摄像头，拍照清晰流畅，
运行速度：不打游戏，日常使用没问题。
待机时间：一天应该没问题。
其他特色：六十六瓦快充，方便好用。"
pos,给妈妈买的手机，挑选了很久，也纠结了很久，决定试试荣耀这款，京东物流很快就到了，拿到手，挺不错的，字体可以调大，功能很齐全，照相像素对于妈妈来说，已经很足够了！内存也足够大！！期待后面妈妈自己的反馈！！
pos,手机收到了，质量还可以，外观效果杠杠滴！反应速度也可以，运营流畅，准备下载一个游戏试试，期待它飞一般的感觉～～～
pos,"外形外观：很好看^&omega;^颜色鲜艳，耐脏耐用。
屏幕音效：屏幕滑动很流畅音效正常。
拍照效果：拍照效果很清晰，小细节也能拍清楚。
运行速度：运行速度很快。
其他特色：空间很大，足够用。整体来说是一部很好的手机?"
pos,外观漂亮，手感好，音质俱佳，屏幕特清晰。媳妇特喜欢。她不玩游戏，平时刷刷视频听听音乐。等用几天再来追评。媳妇说好，才是真的好！
pos,"外形外观：黑色看起来很高端
屏幕音效：音质很好，屏幕也很大
拍照效果：相机像素很满意
性价比非常高的一款手机"
pos,"很不错
外形外观：很好看，很喜欢这个颜色
运行速度：很快，性价比很高
屏幕音效：很赞很赞
拍照效果：分辨率很高
推荐大家购买，买给爸爸妈妈，完全够用推荐购买"
pos,荣耀X30这款手机从性能和外观都比较符合我的预期，尤其是大容量电池和快充技术，在日常生活中都比较实用，屏幕也很清晰，显示效果很好，我平时没有玩游戏，这个手机功能就已经足够了，客服也很耐心回答我提出的问题，还是期待它的耐用性吧！支持荣耀！ 其他特色：外观好看 电池续航：持久 运行速度：快 显示效果：好 拍照效果：好 通信音质：好
pos,**的一貫作風，送貨很快，上个手机也是荣耀，克隆一下所有功和从前一样，方便，6.5寸大屏给力，配的66W快充，一个多小时就充满，更给力！魅海蓝色，好看！网速非常快，感觉不到迟滞，非常棒的手机！连2年电池包换，才1700多一点，性价比太高了！像那个X果的，动辄大几千，抢钱呢！荣耀手机性价比高，***用中国货，理所当然！
pos,"外形外观：薄 手感不错

屏幕音效：体挺好的

拍照效果：清晰
运行速度：快

物流速度很快 早上下单当天下午就到了 包装完美"
pos,"外形外观：外观很大气、简洁而不失优雅、手感舒适
屏幕音效：声音还行
拍照效果：在这个价格上 非常给力了 虽和旗舰比还是差一些的
运行速度：10gb的运行内存很给力
待机时间：充电快，续航超久"
pos,给老妈买的，下单后隔一天就到了，迫不及待开盒体验，选了老妈喜欢的金色，颜值爆表，通话清晰，功能非常人性化，充电速度也是嗖嗖的，非常成功的购物体验，大赞！
pos,荣耀x30这款手机颜值高，性能好，分辨度也高，后面是圆形摄像头显得很有档次，屏幕也够用，快递包装很好好，严实合缝，第二天就到了
pos,"很快收到了，应该是当地附近有货仓，包装细致，没有坏损，快递员面交。使用感觉目前不错，继续观察，便宜不了多少各平台，最多的便宜几十块。
长，好长想起芴板。最多九图"
pos,荣耀x30 骁龙6**疾速5G芯 66W超级快充 8GB+128GB 魅海蓝色很好看，手机的质量杠杠滴！芯片是骁龙6**疾速，在打游戏和看视频都不会卡，而且5G信号很好。手机配有66W的超级快充，充电时间很快，30分钟左右就能满！电池容量也有4800ma，用个一整天不充电也没什么问题！京东服务不错！
pos,"主要是颜值超高，1500元价位，能做到这么漂亮的颜值和手感，爱了爱了！
正面屏幕浑然一体，关键是边框超级窄！
背面环形设计的摄像头模组，辨识度很高！"
pos,"外形外观：简单大气，黑色真的很好看。
屏幕音效：屏幕真的太爱了，买给老爸的，老爸很喜欢。
拍照效果：拍照功能很强大
运行速度：8G够用，运行起来特别流畅。
待机时间：待机时间很长，一直玩一天都可以
其他特色：这个价位性价比很高，也很喜欢，准备再给老妈买一个，爸爸爱不释手。"
pos,手机质感不错，机身轻薄，屏幕很大分辨率高，买个父母用很合适，手机待机时间长，电池容量大耐用，充电速度快，而且有指纹识别和人脸解锁，很不错的手机。
pos,"人脸识别，密码锁，指纹锁都有，指纹输入的位置就是开机关机键，而且感应非常灵敏，人脸识别也是秒开。

样子也不孬看，用起来也顺畅，拍照还可以，玩游戏一点不卡，国产机真的是越来越好用了，而且还便宜。已经推荐给我的小伙伴们了，用国产机都旺哈～哈哈哈哈～"
pos,"外形外观：很洋气的太空银颜色，时尚好看
屏幕音效：柔和 好听
拍照效果：挺清晰的，够用了
运行速度：目前觉得还不错
待机时间：可以的
其他特色：居然买到了刚刚发售的容颜x30，很洋气的外观，期待有好的体验"
pos,"外形外观：大屏幕好用，整体上也很好看
屏幕音效：木得问题
拍照效果：6400万相素
运行速度：爽滑流畅
待机时间：还没测试"
pos,手机颜值非常高，拍照效果也好，蓝色特别好看，手感特别好，细长的看着外形很好看。荣耀质量非常好，速度快，爸爸非常满意，以后还买荣耀性价比太高了
pos,荣耀新品，首先屏屏够大，刷新快，清晰度好，然后照相能力强大，手感特别舒服，充电快，电池够大，充满电能轻松用一天，不用担心手机没电了，处理器反应很快，系统相当流畅，只能用yyds来形容了，性价比无敌，特别满意，推荐购买，五星好评
pos,给妈妈买的，老人很喜欢，屏幕高清，分辨率高，键盘反应灵敏，内存空间大。物流送货相当快，一如既往的喜欢。唯一的遗憾是没有赠送耳机，老人找不到耳机在哪放
pos,发货非常快，隔天到。机器非常漂亮，运行速度非常快，屏幕大，父亲用着很不错。完美的购物体验，
pos,很好用！外观漂亮，电池持久，运行速度快，充电也很快。性价比高，给家人买的，用着爱不释手。
pos,包装非常好，物流也很快，给妈妈买的这个颜色也特别好看，屏幕很大，第一时间就赶紧拆封看了，果然不错的哈。感觉很棒
pos,"宝贝早就收到了，也试用了两天各项功能很好，非常喜欢，非常满意的。京东自营店的产品希望质量有保证。
外形外观：很好看
屏幕音效：很好
拍照效果：很好
运行速度：快
待机时间：很好"
pos,"外形外观：妥妥的小mate40设计
屏幕音效：很靓丽
拍照效果：满意
运行速度：可以的
待机时间：待测
其他特色：快充啊"
pos,"用惯了荣耀，再一次购买。
外形外观：高端大气，有品质感，手感不错
屏幕音效：屏幕靓丽，色彩饱和
拍照效果：拍照不错，清晰。
运行速度：运行流畅，虽然695，短板吧，但运存流畅，满足使用。
待机时间：待机亮点，6**功耗给力，快充加持，cpu是个老年机，适合不玩游戏。
其他特色：性价比与支持国产"
pos,"外形外观：很好看，耐看，特别适合女性，第一次买这个颜色，非常喜欢。
屏幕音效：屏幕很清晰
拍照效果：拍照效果也棒
运行速度：速度没得说，可以
待机时间：充一次电可以用十来个小时"
pos,看到这款手机的介绍，恰巧打算换个手机，昨天傍晚就拍了下来，今天上午就收到了。手机的外观外形美观，屏幕色彩、和屏幕音效都很满意，试拍了几张照片，拍照效果很好 ，运行速度很快，这个价位的手机达到这个效果，我觉得值得上手。
pos,"外形外观：简约大气，流线型非常好。
屏幕音效：一直不错
拍照效果：拍照清晰
运行速度：运行速度快，一点都不卡。
待机时间：电量耐用。
其他特色：背后相机漂亮，大气。"
pos,一直想换一款颜值高一点的手机，对比了好多品牌，好多型号，最终选择了荣耀30，这个手机在千元机里面应该是属于天花板级别的，性价比高，运行速度快，外观颜值绝对超赞。提前预约，早上抢购，没想到的是下午就收到了手机了，京东的这个发货速度也绝对满赞，非常开心！
pos,"外形外观：外观中规中矩，也还是挺好看，点赞
屏幕音效：屏幕色彩鲜艳，很靓，音效也是极好的。
拍照效果：摄像效果也是挺好的，后台处理也特别及时，效率高
运行速度：主流速度，挺好的，运行流畅稳定
待机时间：电话不多，上网也就每天1小时的样子，管用5天不充电
期待能够提供转换为华为harmony操作系统的选项."
pos,手机昨天下单 今天就到了 快递很快！手机收到后包装完整 很仔细 拆开手机非常惊喜 钛空银非常漂亮 在阳光下流光溢彩 开机后屏幕显示非常清楚 大屏很过瘾 双卡正反面的设计更是让人眼前一亮 运营非常快 期待它的后续精彩表现！
pos,"外形外观：帮同事下单买的，用了一段时间才来评论，总的来说，外观设计的还可以，有4种颜色可以选择，背部是圆形环，类似Mate40背面。
屏幕音效：采用最高支持120Hz超窄边全视屏设计，屏幕6.81寸，高达94%屏占比，刷新率动态调整，顺滑流畅。
运行速度：采用骁龙6**芯片，多核心强大运算能力，流畅得很。
其他特色：最高支持66W的充电功率，电池4800mAh，续航能力强，8G运行内存，保障足够的运行内存。
拍照效果：采用4800万像素的高清三摄像头，加上荣耀的影像算法，拍照也可以。"
pos,"外形外观：外型美观，时尚！是我喜欢的款式！
屏幕音效：挺好的。
拍照效果：很清晰！图像很真实！
运行速度：速度挺快的。毕竟是新手机肯定是快呀！没卡网！"
pos,"外形外观：太漂亮了，颜值确实高，
屏幕音效：1080很亮，屏幕很清晰，性价比还是很高的。
运行速度：6g运行内存给老人用，够用了，速度很快，x30还是值得推荐的"
pos,给老公买的，手感好，外观大气，屏幕大特喜欢，不晓得用起来咱样，用了再评！
pos,"外形外观：窄边框，简洁流畅，简单大方，屏幕占比大，
屏幕音效：色彩鲜艳，不伤眼镜，
拍照效果：四个摄像头，拍照清晰流畅。
运行速度：日常使用没问题，
待机时间：用一天，应该没问题，超级快充，很快充满，"
pos,"给爸爸买的，之前用的荣耀7x三年半了有点落伍了。给他又选了荣耀。屏占比太高了，外观震撼。6.8的屏幕看啥都爽。
屏幕颜色很舒服，触摸很灵敏，系统运行非常流畅。父母用电池大快充，屏幕大，这款手机完全合适。唯一不足的就是双音箱就好了。"
pos,性价比之王果然是如网友有所说，2000块钱以内的性价比，手机的天花板，后盖的颜色特别好看，还配后盖壳，电池也还可以，整体感觉只要不玩游戏的话，这款手机真的是可以了，速度很流畅，然后容量也很大
pos,"颜值超高，漂亮的不行了。电池很耐用。很满意。机器崭新，顺滑无比，屏幕很给力，看着舒服多了，对比了几款手机，感觉X30的性价比还是比较高的。头天下午下单，第二天就到
货了，就冲这送货速度就必须好评！"
pos,"还不错，非常好看，外观不错，特别有质感，非常不错，像三四千的！
屏幕音效：屏幕显示效果效果也很好！
拍照效果：拍照也不错，现在手机性价比真高，特别好！
运行速度：用的不错，特别流畅！还不错吧！支持！"
pos,已经收到购买的手机了。荣耀x30手机大屏窄边，颜值非常高，尤其是背面圆形的摄像头，非常有档次感，看着像高端机，再配上金色外壳，很好看。
pos,价格比较实惠，该有的都有，给家里老人用非常好，大厂家质量不会有问题。我自己用荣耀30pro两年也不卡，笔记本电脑路由器很多都是荣耀产品，可以慢慢打造一个荣耀产品生态圈
pos,年度最佳老人机，屏幕够大，字体够大，护眼120HZ的LCD屏幕，高端的颜值，够用的容量，轻巧的塑料重量，合理的价格，还有5G高速上网，超级快充等完全满足老人对手机的所有需求点。
pos,这个手机真的特别值，66w快充，半个小时就充满电了，手机像吃了一箱德芙巧克力一样丝滑，用起来十分的爽，再搭配12+2GB的运行内存一点都不卡。
pos,今天刚开始用感觉挺好的，特别快。充电特别快，用起来还不怎么耗电。真是挺好的
pos,荣耀x30手机，外观时尚，银色很惊艳。在光线的照应下可以营造出幻彩的效果。在66w的快充支持下，半小时能充充达百分之八十一的电量，四十三分钟就能全部充满。手机手感非常好，使用速度也足够快，操作方便。非常好。
pos,"手机收到了，质量很好，外观大气，屏幕大小也刚刚好，非常nice的，给爸爸用的，
待机时间：超长待机
外形外观：银色太漂亮了"
pos,"荣耀X30配置高 骁龙6**疾速5G芯  120Hz全视屏 全网通版 双卡双待。8GB+128GB 
颜色钛空银很亮颜色很新潮   
外形年轻化设计。 运行速度流畅 待机时间长
 66w超级快充 充电速度十几分钟满格电
作为日常备用机 不打游戏够用了"
pos,华为值得信赖，性价比很高，支持快充，而且是大电池，指纹识别，人脸识别，等等功能都有，使用很流畅，拍照清晰，待机时间长，不用老是充电，外观也很好看，屏幕清晰而且很大，方便实用。
pos,"很不错的机子 颜值也很高 用着很舒服 好用 好看 备用机没的说 赞一个
外形外观：颜值高
屏幕音效：音质可以
拍照效果：拍照杠杠的
运行速度：大内存不错"
pos,买来送给父母的，很喜欢，还想给自己回购一个，弟弟妹妹一人一个，然后一起拍拍拍拍拍拍拍美美美美美美美的照片，附上一下雪景照片，像素也是杠杠滴！喜欢喜欢超级喜欢。除了拍照录视频，就是看电视剧，刷抖音，也不用来玩游戏，新手机就棒，杠杠的。
pos,反应挺快的，拿着非常顺手，运行快，拍照清晰，包装完好，不错的选择，以后继续支持国货，加油加油加油
pos,买给家里老人的 金色超级好看啊 磨砂质感不沾指纹 开机试了一下 非常顺滑流畅 屏幕够大 电池够大 充电速度够快 容量够用 性价比很高 过年了想给老人换手机的都买起来
pos,"一直都是国产的用户,这次的手机真的超好用,更流畅,机身颜色是我最喜欢的,最大的亮点直屏，拿在手里握感非常舒服！银色没有让我失望,高端大气上档次,用了收弧设计,手机的手感体验很不错。
手机拍照清晰,不卡级,声音清晰,性价比高。支持国产手机，良心价格！"
pos,"外形外观：美观大方，厚度适中
屏幕音效：屏占比高
拍照效果：八倍焦距，清晰自然
运行速度：无卡顿
待机时间：超长待机，电池容量大
其他特色：单手持握"
pos,手机试用了下 很高大上，也符合老人的需求 内存足够大 屏幕大 拍照也很漂亮，也推荐给同事买了。上午下单晚上就收到了 一次满意的购物
pos,"这么多年一直都是荣耀,家人用的也都是荣耀。从荣耀V8，荣耀V10，再到荣耀V20，现在荣耀X30，支持国货。边框很窄，屏幕反应很快,很流畅，摄像很清晰很有画面感,内存也很大,运行流畅不卡顿,赞一个!价格实惠,性价比高,送货快捷!屏幕很大,看着很爽!贴膜已经贴好了,手机套也送。最重要的是系统干净广告少，这一点很喜欢。"
pos,"从17年我用的第一个手机开始，就对荣耀手机有了很好的感官，上个月和这个月给父母都把手机换成了荣耀，荣耀手机确实不错，相信荣耀，支持，我自己的手机用了三年了，也是荣耀，这么久了手机还是一如既往的流畅，内存也够大。
昨天晚上买的X30今天早上就送到了，手机很好看，速度很快，越做越好了！"
pos,屏幕还是很舒服的，系统流畅，比起x10不弱，继承华为优良传统，给父母用，配置反而不重要
pos,"外形外观：外形美观大方，手感丝滑。
屏幕音效：挺好的。
拍照效果：清晰。
运行速度：快。
待机时间：充电速度超快，不过，耗电也挺快的。"
pos,我觉得荣耀x30这个手机还是非常实用的，像我不打游戏，不需要这个CPU特别好，但是省电啊，反而是对护眼和这个长续航有非常大的需求。这个手机的材质是塑料的，那么可以减轻重量也很有帮助，我感觉这个手机非常适合我。
pos,手机收到货了，物流挺快的，买给父亲的，待机时间长，音质不错，配置很高，运行也流畅，性价比很高，外观时尚，很漂亮，很满意！想买的朋友可以直接入手，很推荐这款！
pos,准备买一部安卓机作为备用，选来选去，在这两千块的价格区间，最后还是选择了荣耀X30。昨晚下单，今天到货，外观不错，设计也不错，运行起来流畅。性价比很高。京东小哥很奈斯。点个赞。
pos,"外形外观：时尚美观
屏幕音效：很好
拍照效果：极佳
运行速度：流畅
待机时间：超长加快充
其他特色：使用后再评"
pos,"?商品收到了，包装得很好，物流非常快，客服态度很积极，有问题及时解答！总体来说非常满意！
外形外观：好看
拍照效果：好
屏幕音效：好
运行速度：快
待机时间：长"
pos,颜值相当不错，好看。手感也很好，性价比高，金色真的很好看。对于这个价格好说，配置款式都是上好的选择。支持国货，送父亲的，他很喜欢。
pos,"外形外观：很好看，很像mate40.
屏幕音效：音响很好，拿来看电影很不错
拍照效果：还行吧，反正和单反不能比，比一般般的还是差不多
运行速度：8+128不算小，够用了，就玩哈利波特，
待机时间：这个很长，差不多两天充一次电吧"
pos,"外形外观：外观超级美
屏幕音效：音效还行
拍照效果：拍照可以的
运行速度：速度很快
待机时间：还没测试
其他特色：挺好的，给老人用足够了，表示很满意的"
pos,给老人买的新手机  大品牌值得信赖  使用感流畅  屏幕显示清晰  特意买了内存大一些了  适合老人拍照和拍视频  自带的APP适合日常使用  操作很简单  老人收到以后非常满意  给京东自营的物流点赞！
pos,颜值超高，银色背壳下，隐隐约约透出一层淡淡的粉色光泽。轻薄的机身搭配超窄边框的大屏。爱了爱了&hellip;
pos,"外形外观：很有质感，非常大气
屏幕音效：不错哦
拍照效果：照片效果不错
运行速度：快，很喜欢的型号，买来果然没有失望，喜欢。。。
待机时间：长，"
pos,"外形外观：外观设计很好，颜值很高
屏幕音效：屏幕手感不错
拍照效果：拍照效果一如既往的好
运行速度：内存够大，系统流畅性很好
待机时间：新机待机还是不错，充电够快"
pos,上手体验感还是不错的。流畅，超大容量，再加上超级快充，非常不错。
pos,"拍照效果：很好，清晰度很高。
运行速度：快，比原来手机快多了。
屏幕音效：全面屏真心好。"
pos,"外形外观：大小感觉非常合适
屏幕音效：声音也非常不错
拍照效果：够我的需要了，夜景非常清晰可见
运行速度：挺快的呢
其他特色：最最主要的是新上市的，价格还非常满意，颜色我选的是银色，感觉女生用非常不错呢，看着就清新，正是我想要的，就是希望能用住！！加油！"
pos,"外形外观：高端大气，非常喜欢，颜色好好看
屏幕音效：屏幕高清，色彩还是很艳丽的
拍照效果：摄像头算是全面升级了
运行速度：目前很流畅，操作顺滑
待机时间：电池很大，还没完全测试过，目测待机肯定可以"
pos,有几年自己没买手机了，给父母买个老人机，就买了X30，到货手机很漂亮，操作和华为的操作系统差不多，屏幕大，有简单模式，老人用方便，4800ma的电量，66w快充，一千多还是很值的
pos,"首发款荣耀X30，颜值妥妥的在线，外观大爱，实物比图片好看很多！手感一流，重量适中，长期玩手机不会累！性能真5G双卡双待，大电池容量，大屏幕显示，窄边框设计，运行流畅，体验很好！关键是价格，太给力了！！！计划再入手一台，
荣耀加油，京东加油！"
pos,"外形外观：尺寸刚刚好，质量也非常好，店家的包装太用心了，值得推荐！

屏幕音效：音色不错，听歌音质很好，打电话语音也?杂音。

拍照效果：照片很清楚，老妈爱上了?
运行速度：运行速度很快很流畅
待机时间：平时刷视频比较多，不打游戏，待机时间还是可以的"
pos,"手机很漂亮呀
又薄，手感也很好，大小也很适合
送给妈妈的礼物
屏幕大，可调字体，声音
妈妈用得很顺手
内存大，可以多拍照片
速度也很好
现在手机只买国产的品牌，很棒
拍照效果：可以自己选各种"
pos,家里人都是荣耀的忠粉，新到手的这款颜值真是高啊，背壳很光有光有泽，会变色，大小也合适，大屏丶快充、照相功能都满足了我的需求，买的256内存，可以存好多文件，喜欢。
pos,非常不错的一款手机，系统非常流畅，洁面简洁实用，使用起来手感很好：摄像头像素也不错，完全满足日常需要
pos,筛选了好几款，最后还是选择了X30，性价比相对比较好。第一时间下单拿到手机后还是没失望，大圆摄像头设计最喜欢。哈哈~使用也比较流畅。使用一段时间后再来看看。
pos,原来的Nubia z17用了四年多，摔得粉碎，不得不换了，千元5G选了荣耀X30，入手手感真不错，屏幕够大，蓝色很炫，开机运行也很流畅，感觉不错，就是不知道是否可以用得住，总体还是性价比很高
pos,首先是物流、配送很快，很及时。手机买来给老人用的，之前的手机屏幕亮度很暗，调也调不出来，这块手机不错，直板手机，屏幕亮度可以，运行流畅，66W快充，充电超快。老人用完全够用，其实要求不多的年轻人用也是足够的，整体用起来还是不错的。
pos,之前的工作手机卡了，这个买来当工作手机用，很好用，充电很快，手机屏幕太大了，哈哈哈哈哈，这个颜色真的很喜欢，点赞?
pos,给婆婆买的，婆婆很喜欢，有老人简单模式，字体很大，很方便，荣耀的质量没的说，质感很好，屏幕很清楚，物流也很快～
pos,"外形外观：全新未拆，颜值很高，比我的mate40稍大一点，但是摸上去塑料感还是明显。
屏幕音效：单扬声器，听个响声
拍照效果：拍照效果比想象的好，这价位平均水平
待机时间：续航目测很给力。
运行速度：运行速度不装毒瘤软件很流畅。"
pos,"外形外观：高端大气上档次
屏幕音效：屏幕很清晰，老人用起来很不错
拍照效果：效果很棒
运行速度：很快
待机时间：时间很长，一天都没问题
其他特色：阳光下各种配色都很不错！"
pos,不错 昨天晚上下的单 今天下午就到了 手机很流畅  电池也特别大 超级薄
pos,华为手机不错，这款性能满意，反应很快，待机时间也不错！
pos,手机棒棒的，运行速度超快，拿着也好看，价格很优惠，华为荣耀，年轻人首选~在京东买家电能有10年了，有保障！放心！售后那是无敌好！
pos,太棒了，昨天从下单到收货也就几个小时。手机外形好看，运行速度快，手感很好。联系客服，询问相关问题，也都耐心解释，很满意。另外，我们家用的都是荣耀手机，我的最早用的V8，昨天也光荣下岗了，突然有许多不舍～用了快七年了，没维修过一次。
pos,"不错很喜欢，屏幕很大感觉一点都不像是1000块的手机
外形外观：高大上
拍照效果：不错
运行速度：很快
待机时间：长
其他特色：外形很好看"
pos,"外形外观：这个颜色很好看，特别靓
屏幕音效：还可以
拍照效果：比较清晰
运行速度：嗖嗖的
昨晚下的单子，今天中午就到了，京东的速度真是没话说，手机用一段时间再给你们说感受"
pos,"外形外观：很棒，屏幕很大，而且屏占比很高，基本没啥边框
屏幕音效：音效不错
拍照效果：拍照效果一般，和普通手机差不多，不算差
运行速度：很快，新手机就是不一样
待机时间：不错，电池4500毫安

其他特色：性价比很高"
pos,"不错，看着不像这个价位的
屏幕音效：非常好
拍照效果：可以的
运行速度：运行稳定，不卡顿
待机时间：待机也挺长的"
pos,"外形外观：外观非常漂亮，蓝色是孩子比较喜欢的颜色显得很亮
拍照效果：拍照孩子一般很少用
运行速度：速度还可以吧，目前打王者没卡
待机时间：待机时间很不错，一天充一次电"
pos,"这个手机真的挺好，性价比高，给妈妈使用，屏幕大，听筒声音也很大，价格实惠，
屏幕音效：分辨率挺高，屏幕看着很清晰
拍照效果：还行
待机时间：电量挺经用，充电速度很快"
pos,这个手机不错，给老爸买的他很喜欢，喜欢的小伙伴们不要犹豫可以放心下单，京东品牌值得信赖，喜欢喜欢、爱不释手呢&hellip;&hellip;
pos,"外形外观：很漂亮 渐变色 不同角度的光源下颜色不一样 很好看
拍照效果：很不错 日常照相就够了
运行速度：很流畅"
pos,首先物流超级快，凌晨下单晚上6点就到啦！打开惊艳啦外观设精致，冲着这款手机120Hz高刷超窄边全视屏，66W超级快充，大容量电池?续航能力超长！拍照效果也非常奈斯！值得购买！
pos,屏幕大，边框很小，刷新率高，显示效果非常细腻，系统运行流畅，待机时间很长，一般使用一天一充无压力，摄像头设计很好，拍照效果很好。
pos,家里人用的手机都是荣耀的，物美价廉，值得信赖。这款新上市的x30很给力，外观漂亮，几乎满屏太帅了，小尺寸放手里好拿，运行流畅，颜色真实自然，侧边指纹解锁方便，充电超快，总之挺满意的！
pos,"外形外观：比较高大上，感觉四五千的手机
屏幕音效：清晰度不错
拍照效果：像素很满意，细节也很清晰
运行速度：打游戏完全没问题，很快
亮点是电池点亮真可以，正常用三天都没问题，打游戏不怕没电，可以的，一千多值得推荐"
pos,手机用了两天了，系统流畅，没有卡顿，机身很薄颜色也很漂亮，现在用的也是华为手机，质量很好，看到新出的就又买了，性价比高，支持国产手机，支持华为！
pos,手机给老妈买的，手机看着很好看，老人也很喜欢，比起上一个手机，无论从反应时间，还是从拍照效果，都好很多。只是指纹解锁不是屏内解锁，技术含量感觉少了好多。后期看使用效果，再做追评。
pos,荣耀X30外观特别漂亮，线条流畅，手感很好，内存大，电池容量4700毫安，分辨率高，屏幕大，非常适合老人家使用，京东物流必须赞一个，上午下单下午就能收到，避免了等待时间，赞?
pos,给我妈买的，性价比很高，充电快，屏幕大，颜色很好看，里面软件很全，基本上不用下载了，到手就可以用
pos,拍照效果：拍照很清晰，适合拍摄人物景色都可以 电池续航：充电蛮快的 闪充 显示效果：显示清晰，屏幕也大，还护眼 运行速度：速度很快，5g用的很好，妈妈体验来感觉也痕赞 通信音质：通话音质也很清晰 其他特色：手机颜色很好看，会变色，摄像头很有特色
pos,"外形外观：外观好看
屏幕音效：反应很快
拍照效果：基本够日常使用
运行速度：反应速度很快
待机时间：还没有验证，等有结果了再评价
其他特色：总体看起来是一款很不错的手机，做工精致，使用便捷，反应快。"
pos,"运行速度：运行速度很快
屏幕音效：声音大，屏幕大适合老人用
拍照效果：拍照清晰，夜间拍摄效果很好不错
待机时间：待机时间长
其他特色：充电速度快"
pos,手机很好，外观好看，边框很窄，跟曲面屏有一拼了，显示清晰，性价比很高。使用比较人性化，越来越智能了，拍照还可以，够用，运行流畅，暂时没有遇到卡顿的情况。待机也够用，一天用五六个小时的情况下，一天充一次电。
pos,手感非常舒服 大屏幕适合游戏刷剧 快充电确实不错 待机时间也很长 这款产品是性价比超高的一款 适合学生老人使用 质量也很不错 拍照效果很好
pos,屏幕真不错，66w快充也很好，比想象中轻，695够用了，后盖质感还是不错的
pos,上午10点多下单，晚上准时送达，京东的物流非常给力，赞。手机外观非常漂亮，非常像高端旗舰手机，屏幕非常细腻，背面的摄像头很好看，充电器和数据线非常不错，整体来说非常满意，特别适合给家长使用，非常赞。
pos,给老人买的，字可以调很大，简单模式很不错，适合老人，66w快充超级快，太方便了，外观也很大方
pos,外观漂亮好看，试用了一下，感觉很流畅，操作很方便，已用了两个华为荣耀手机机，第二个还是鸿蒙系统，唯一的遗憾是这个手机耳机插孔跟我以前的耳机不同，看来只能买蓝牙耳机了。京东物流很快，昨晚下单今天就收到了。
pos,"外形外观：有棱有角，比较薄，很好看
屏幕音效：120Hz超窄边屏幕
拍照效果：4800万像素，离近了还是会有一点虚
运行速度：刚刚买来的速度都是比较快的，希望时间长了还会快
颜色很好看，春节期间物流2天送到啦"
pos,"外形外观：外观很不错 边框很窄  一次买了两个这手机
屏幕音效：屏幕显示效果不错  手机屏很大
拍照效果：像素杠杠的"
pos,给老爸买的手机，收到很是惊喜，外观好看，很有质感，有超级快充功能，三个摄像头拍照清晰，6.8寸全屏，完全够用，非常满意。
pos,外观设计很好看，物流非常给力，隔天就到了，总体上感觉还是挺不错的。
pos,给家里老人买的手机 首先价格合适，家里老人用起来没啥心理负担。第二电池很大，使用无焦虑。第三，性能够用，不再用得很卡。荣耀的整体质量还不错
pos,"给孩子爷爷买的，非常满意
外形外观：外观漂亮大气，手感很好
屏幕音效：屏幕清晰，色彩靓丽
拍照效果：清晰靓丽
运行速度：没有卡顿，流畅非常快"
pos,"外形外观：外观漂亮，这个颜色很喜欢。
屏幕音效：音效非常棒，
拍照效果：拍照效果杠杠滴，特别清晰！
运行速度：特别快
待机时间：特意用了两天再来评价，待机时间很长。"
pos,家里人一直都是用的华为，很好用，非常喜欢。整体机器很漂亮，也很大气喜欢
pos,"给父亲买的，原来的手机用了5年了，时间太长了,速度慢，挑选了很长时间，给老人买不好挑，这款手机真的非常好，外观漂亮，显示清晰，功能齐全，还是高通骁龙的cpu，8G内存，128g存储，老爸很喜欢。"
pos,京东商城自营购买这款荣耀X30非常不错的一次购物，虽然价格没便宜但是在京东商城购物就是方便快捷省心放心安心，京东物流就不用说了很不错隔日达，小哥靠谱服务周到送货上门！
pos,外观很漂亮，屏幕很大，拍照效果不错，运行速度很快，待机时间很长，充电速度超级快，送货速度超级快，晚上下单，第二天一早就送到了。送给老人的新年礼物，字体大，老人也喜欢，就是功能多，老人也学不了多少，反倒是小孩用得很开心。
pos,这款荣耀手机是给老妈买的，银色很漂亮，像素很高，处理器也十分到位，作为给老人用的机型，还很贴心的有关怀模式，设置完成后，不用单独设置字体，感觉很贴心！总体使用流畅，屏幕够大，性价比高！亲戚也买了一台！
pos,这到底是不是你？果然是年轻人的第一部Mate 40！目前手持Mate 40 Pro的我深感焦虑，近期考虑到父母在用的荣耀20Pro已经陪伴多年，荣耀X30的横空出世，让人眼前一亮，大电池支持66W超级快充，5G千元机，后置摄像模组符合国人天圆地方的审美，星环非常好看YYDS！
pos,"外形外观：新手机外形设计很不错，颜值全面在线，非常nice。
拍照效果：对于我们这种不喜欢自拍的人来说，足够用了，日常拍拍景物和日常工作照片，挺好的。
运行速度：新手机运行速度杠杠的，希望能用久一点。"
pos,手机一天之类就收到了，速度很快。这款X30买给妈妈用的，手机很薄，拿起来很有手感，颜色也很好看，不同角度颜色是流动变化了，速度也比较快，不错！性价比还是很好的。好评啦！
pos,"外形外观：简约大方
屏幕音效：声音很大，音质清晰
拍照效果：像素很高
运行速度：运行速度很快，妈妈用完全够了
待机时间：电池绝对耐用，老年机的带电量了
其他特色：操作方便"
pos,手机功能强大 ，运行速度很快 ，大屏幕 ，图标 ，字体都很大 ，颜色很好 ，照相效果不错，电池也很耐用 ，很好的 手机
pos,"外形外观：买了两部外观很满意
屏幕音效：音效还好
拍照效果：拍照可以的足够用了
运行速度：速度很快用起来还好的足够老人用了。。"
pos,手机质量不错，用起来各种程序都运行的很流畅，没有什么卡顿，或者速度慢的情况。手机外观很好，制作加工的很精细，没有任何问题，看起来不错，很像高档机。电池优化的非常好，用了二个多小时，才消耗不到百分之二十的电，确实不错。唯一不满的是快递速度，从下单到最终收到货物，几乎二周时间，而且，货物到了，也没有发短信通知，只是晚上看物流才发现已经到了。确实不是很好。
pos,前几天在京东商城无意中看到新品上市的荣耀手机X30颜值很高价格实惠。今天中午果断出手购买了X30的基础版6+128G不玩游戏的主要是刷刷***用。手机是全面挖孔屏看上去有种悬浮的感觉非常不错运行速度也很满意的。主要是喜欢X30后三个大光圈的摄像头设置完美。对于这次购物非常满意的，感谢华为又出一款亲民价的产品。
pos,孩子非常喜欢X30这款手机，看了介绍确实不错。性价比很高，作为学生用绝对没的说。颜值也是很高窄边大屏而且还是66w快充，数据线和充电头都不需要再单独购买非常齐全。超赞！
pos,新买一部荣耀，屏幕够大，外观好炫，手感也挺好的，就是新装系统要注册好用户才能用，没跳过选项，新机运行流畅，充电速度贼快，现在体验很好，用时间长点再看看效果！
pos,"手机很不错，拿在手上很舒服，没有想象中的薄，但也不厚，当个备用机还是可以的。总体而言还是可以的。
外形外观：还行
屏幕音效：惊艳
拍照效果：一般
运行速度：很快"
pos,买给妈妈的新年礼物，她之前天天和我说手机不好用，然后就一口气买了两台手机，一台送妈妈，一台送男友，两个人同款一模一样，都非常喜欢，都非常开心！荣耀手机经济实惠还好用！
pos,"外形外观：很靓
屏幕音效：圆润
拍照效果：清晰
运行速度：快
待机时间：长"
pos,快递非常迅猛，下单次日达，送货上门，可惜小区管控严格，不让上门，快递又等我出去大门取件。开箱有手机套，可惜不送耳机。手机反应速度很快，拍照也算清晰，这个价位，算性价比很高了，好评！
pos,边框很窄，所以显得屏幕非常的大，待机时间，声音的响亮程度，照相的清晰程度均不错，而且摄像头的分布有点像mate40的那种布局，看起来很高大上。京东自营的商品在特殊时期能够按照要求及时的送达，十分满意。
pos,老花粉了，从手机到笔记本到AI音箱都是华为，家里亲人也基本都是华为或者荣耀，也给身边朋友推荐购买了好几款荣耀手机。现在的国产手机做的还是相当不错的，无论是信号，充电速度，续航，系统流畅性，还是拍照，游戏，一点不输外国?。加油华为，加油荣耀！
pos,就连春节期间京东也可以做到次日达，真是太酷了！买给妈妈的，屏幕很大，用起来也很流畅。
pos,手机收到啦，颜值很高，配置佳，充电速度快，不愧千元机天花板，性价比之王，好评！
pos,"当天拍第二天早上收到手机。银色很好看，性价比超高。
外形外观：薄
运行速度：快，看视频不卡机。
待机时间：一天没问题?"
pos,"给老爸买的手机，他自己选的这个颜色，外观很漂亮，闪闪亮亮的，看起来就很不错。
摄像头拍照效果也还可以，运行速度也很快。"
pos,颜值很高！拍照和苹果XR比起来还是感觉一般，性价比非常高！性能也好，建议学生、中老年人入手！
pos,"外形外观：手机挺漂亮，妈妈挺喜欢
待机时间：待机时间够长，够用
拍照效果：拍照效果也挺好
买来给妈妈用的，物有所值，京东物流非常快，上午下单下午就收到了，荣耀品牌值得信赖，好评推荐～～～～～"
pos,"外形外观：颜值爆表，朋友也爆赞?拿到手后媳妇想拿自己的手机和我换着用。。
拍照效果：比我上部荣耀好一些，日常用绝对可以满足
运行速度：反应速度快，打开任何软件速度都挺给力。
待机时间：待机时间：具体 还不知道，反正玩了很久也没怎么掉电。
一如既往支持荣耀，家里人也都在用，上部荣耀手机用了整整3年，就是一直玩游戏老要充电，也该退休了，但愿这部也能用个3年哈哈。"
pos,买给老人的，金色挺洋气的，外形很漂亮，屏幕很大，运行流畅，反应很快，相机很好用，老人很喜欢。
pos,"外形外观：妈妈很喜欢这个颜色

屏幕音效：1700水平

拍照效果：1700水平

运行速度：偶尔一丢丢卡顿，基本没问题
待机时间：尚未测试
其他特色：需要感慨的是，老人都已经用上5G了"
pos,"外形外观：外观设计时尚潮流，非常喜欢
屏幕音效：屏幕分辨率高，显示很清晰
拍照效果：很好，很清新
运行速度：运行速度快，高通蛟龙695CPU加持很乃死
待机时间：待机时间还有待验证，第一次充满电还没有用完！"
pos,支持国货，挺大的手机，好用，很薄，手感不错，给爸爸买的，字体调大老人看的清，手机系统很流畅，要是再有鸿蒙系统加持就更完美了
pos,质量很好，收到货第一时间打开看了，很不错，很满意，很精致，也很流畅，外观很漂亮。
pos,好用，给妈妈买的。真心好用。外观大气，屏幕分辨率较高，运行速度快，最关键的是，拍照好看。这下可以满足妈妈给宝宝拍照了。待机时间长，颜色也好看。
pos,这款手机无论从外观还是视觉上都属于上品！用5G网络速度超流畅，手机屏幕视觉良好，上手快，物流速度快，建议商家在物流内盒两侧用防撞气袋最好。
pos,"外形外观：很好看，手感很好。
屏幕音效：屏幕没得说，音效也很好。
拍照效果：拍照也很不错。
运行速度：给家人用的，很不错，运行流畅。
待机时间：暂时还没测，刚到手。"
pos,荣耀X30手机这超窄边大屏幕看着**逸了，手机外观设计精致好看，拿在手里很有范，爱了爱了&hellip;&hellip;
pos,"外形外观：屏幕看起来非常不错，还是第一次用中间摄影头的，手机重量适中，自我感觉比较好
拍照效果：拍照的清晰度挺高的，荣耀的性价比比较高，
运行速度：目前反应速度完全满足，很快
其他的还是得尝试一下，"
pos,"完美，产品很惊艳，性价比合适，希望用的长久！而且是我想要的，手感很好，质量也挺好，有问题客服也很快就解决了，态度非常好，一定好评！
外形外观：太好看，太喜欢了！
运行速度：杠杠的"
pos,荣耀手机收到了，质量看起来不错，很好，外观大气适合爸爸用，屏幕也挺大，运营速度也快，性价比高值得购买，京东发货速度快，给京东点赞！
pos,下单后因为疫情防控原因迟了一些到货，不过速度还是挺快的。外观设计不错，颜色很喜欢屏幕占比很高，摄像头的设计不错。手感轻薄，大电池跟快充很满意，性价比比较高，系统也运营流畅，支持荣耀～
pos,物流很快，手机打开是新的，运行速度也挺快的，画面清晰。朋友用来拍照开了10级美颜&hellip;&hellip;
pos,隔天就到了，京东神速。第一次用华为，感觉不错，一千多给出了三四千的外形感觉，五星好评！
pos,很好，运行很流畅，颜色很好看，挺喜欢的，配送快，像素不错
pos,电话到手了，主要是第一眼被电话颜值吸引真的是非常漂亮，使用起来手感也是很有质感。相对来说这个价格在其他品牌系列里荣耀的产品还是没话说的使用效果很好。荣耀系统比较适合上班人群比较友好些。支持我们荣耀
pos,手机手感非常好，物流也非常快，只不过包装都没拿朔料封下，运行速度也非常快，真的好家里好几个华为手机本人用的就是9x
pos,机子颜值很高，屏占比很好，蓝色很漂亮，反应速度很快，手感不错。尤其是充电速度非常快，不到一个小时充满了。同事看了都说好，让帮忙再买一个，已经下单了
pos,手机颜值高，用起来也不错，京东速度很快，第二天中午就到了
pos,物美价廉，5G网络，不玩游戏，运行速度可以，值得，能用H W帐号，不错，买的套装
pos,去年12月新出的机子，骁龙695芯片，千元旗舰机中的佼佼者，给老人买的，用着很流畅，拍照也清晰
pos,手机收到后很喜欢 包装很好 物流也很快 手机屏幕挺大的 质感不错  性能也好  这个价位能买到值了 已经是第二次购买了 以后还回来光顾的 ?
pos,手机收到后很喜欢 性能质感各方面都不错 爱了 以后还回来光顾的 喜欢屏幕大的手机   拍照片也很清晰 音质也很好  以后还回来光顾的 爱了?
pos,"收到货第一时间打开看了，手感不错，清晰
晚上下单早上送达，非常快，很不错，很满意
买给父母玩玩，不需要太高配置，够用了"
pos,"荣耀的屏幕真是太舒服了，特别是电子书模式！眼镜很舒服！很适合我们这种对屏幕要求比较高的人～总而言之，手机很满意?，做工很好，物流快，客服很棒，点赞。
屏幕音效：nice！"
pos,手机看起来很不错，很新，屏幕够大，金色也好看，送的软壳，后续用了再评价，目前看起来很满意
pos,现在的手机真是百花齐放、百家争鸣，一个比一个漂亮，买给阿姨用的，到货就迫不及待打开了，果真没有让我们失望，质量特别好，颜值也相当高，荣耀手机的确有华为的影子，做工很不错，没什么瑕疵，个人感觉大小也挺合适，找了很久选的这款，大爱！配件有数据线、充电器和取卡针，还送了硅胶套！真的不错！
pos,"过年了，给母亲换个新手机，打开包装还送了福对联，感觉太温馨了，之前也用的荣誉，用了差不多5年，质量没得说，这个谁用谁都知道，就内存不够64G的，老年人喜欢拍照，记录新鲜有趣的事，就好比有句话说的，人越老心就越像小孩子。
外形外观：手感湿滑细腻
屏幕音效：分辨率杠杠的
拍照效果：清晰可见
运行速度：快准"
pos,没想到预售买的发货也这么快，这款手机屏大、清晰，像素很高，功能强大，爸爸拿到后非常喜欢。没想到现在千元手机能做的这个质量，也只有荣耀了。性价比真的很好，我们年轻人用也完全足够。
pos,"4.18下单，按照京东的提示：4.20可以到货。看了物流信息。感觉从南到北，能这么快就到吗？没想到今天上午就到了！
本来想换一款机器，不知道换哪个好。结果看到京东提示4.7有一款新手机&ldquo;荣耀6T&rdquo;新品发布。看了之后还在犹豫在哪个渠道购买。
等待到了4.18，一看，京东的活动最符合要求。于是在与客服的文字交流的时候下单了。
这一回还真的是快啊！
活动很赞！真是货比三家哟！
服务很赞！和客服文字交流愉快！也是货比三家哟！
物流很赞！速度还挺快的！
机器屏幕尺寸都挺大！
内存也挺大！
速度也挺快！
自用手机要求不高，符合这个要求挺好的。"
pos,手机收到了，一直没有时间打开看，屏幕大，特别适合老年人使用，性价比很高，妈妈说很喜欢
pos,手机收到了，很不错屏幕超级大，外观也很漂亮，用着手感不错超级快，摄像头也超清晰，很满意的一次购物
pos,到货速度真的太快了，是预售款，晚上下单次日就到了，给家人使用，很满意，机型也很好看，功能挺强大，重点还支持5G功能，带充电器，赠送耳机，荣耀品牌值得信赖。
pos,看了很久终于选定这款手机，外观好看，够大！还是双卡，内存也够用了！一千出头的手机能质量这么好知足了！很喜欢！还送了耳机，还有手机壳！刚使用暂时来说很不错，速度也够快。
pos,"电池耐用，送了耳机。和号码卡。手机外形好看。使用也不卡机。
外形外观：五星
屏幕音效：好
拍照效果：好
运行速度：快
待机时间：长"
pos,上个手机就是荣耀 非常性价比 很好 快递也服务态度也很好下次换手机还是换荣耀
pos,买东西，我首选京东自营！质量有保证，售后有保障！物流超快！这款华为手机，性价比太高了，而且送的竟然有个手机壳，透明软壳，挺好的，我还另外买了一个带挂脖的红色平安壳，两个手机壳，换着用吧，哈哈！
pos,一直支持国产华为手机，真心不错，高端大气上档次！性价比超高！！屏幕还挺大的，使用起来看着不累，运行速度也快，非常灵敏。拍照清晰度简直是绝了，场景也自由调试，美了！！！
pos,荣耀新手机用起来丝滑流畅，看起来非常漂亮，性价比超高！
pos,款式非常漂亮。运行非常流畅。省电，大概可以用两天，非常划算，价格优惠便宜。平时买东西都喜欢挑选京东自营的产品，质量有保证，用的放心，物流速度飞快，神奇，基本第二天就到了。
pos,手机收到了，系统挺流畅的，给家里人用，性价比挺高的，用起来也挺舒服，就喜欢用荣耀手机，质量杠杠的，点赞
pos,手机挺好用，上网看视频反应很快，配置也挺够用了，蓝色的外观也很好看，很喜欢?
pos,喜欢蓝色的这一款，运行速度快，质量不错，品质有保证，做为备用手机很合适。期待荣耀的手机越做越好
pos,新产品上市抢购一台  用这个几天了感觉灵敏度非常高 照相功能也很强大 电量我个人可以用两天 电容量必须好评
pos,发货很快，已经收到货了，商品和描述的差不多，质量没问题，滑屏流畅，声音大，老年人用也合适，Type-C接口，充电快，送了保护壳
pos,等了一个星期，手机终于到了，首发预售买的，到手迫不及待的的操作了一下，很符合预期的要求。买给岳父用的，他要大一点的内存。运行速度很快，操作丝滑，之前看别人评论说显示不太好，个人觉得挺不错的，千元机该有的样子都有，很满意！外观也很漂亮。
pos,帮同事买的，他觉得非常满意，手机外观好看。还是5G的网络！跟上时代走，电池也很耐用，充电快！
pos,"外形外观：很好看
屏幕音效：也很不错
拍照效果：特别清晰
运行速度：很快"
pos,"拍照效果：可以
运行速度：快
待机时间：长
其他特色：便宜 外形好看 用着非常好"
pos,手机是家里老人用，内存足够大，5G手机配上5G的卡嘎嘎快，屏幕尺寸够大，拍照清晰存储空间大，音质也不错，赠了贴膜和手机壳，非常贴心，点赞
pos,"外形外观：酷炫的黑色 我很喜欢 百搭手机壳
屏幕音效：很滑 触键灵敏 音效美 可以很大声
拍照效果：国产手机 拍照好看 像素高清
运行速度：很快 下载电影app 一下子就好了
待机时间：一天去充一次就好了"
pos,"外形外观：流线型外观，黑色比较靓丽
拍照效果：拍照效果好，自带美颜，可调节，很专业
运行速度：运行超快，开关机6秒左右，安装应用3-5秒
待机时间：待机时间较长，充电快，电源头是平的，适合各种插座，不占地方，携带方便。"
pos,物流超快，客服态度也很好，外观靓丽，手感也不错，拍照效果也很清晰，运行也很好
pos,非常流畅 电池从早到晚随便玩 玩游戏 一点都不卡  王者荣耀随便玩 真心推荐
pos,很好，反应、运行速度快、点击进入APP反应快，质量好，造型好，手感好，显示屏大，看屏舒服，字体也正好，并可调节，内存量大，反应快；贮存块大，能贮存大量信息，功能强大，灵敏度强，追上苹果手机的性能，甚至续航力比苹果手机还好，充电时间比苹果手机也快。上网速度快，价格适中，推荐选购。
pos,"外形外观：外观漂亮时尚潮流，摄像头设计美观大方
屏幕音效：屏幕够大，够亮，使用方便
拍照效果：拍照效果很不错，像素高，效果好
运行速度：运行速度快，不卡顿的
待机时间：待机时间长，一天足够用的
其他特色：声音响亮，打电话给小朋友也听的很清楚，很不错的购物体验"
pos,"外形外观：直屏单孔，大小合适，单手可操作
拍照效果：4800摄像，成像挺好，失真不明显，色彩饱和度高
运行速度：8G内存运行流畅，使用无卡顿
待机时间：正常使用一天左右，配合快充 ，对老年朋友比较友好
其他特色：自动调节高刷，游戏流畅，蓝光护眼认证"
pos,荣耀新手机用起来丝滑流畅，⑨白可以拿，荣耀给力，特别简单，我是隔栱中号｛京 小 点｝可以看。看起来非常漂亮，性价比超高！这款手机屏大、清晰，像素很高，功能强大，爸爸拿到后非常喜欢。没想到现在千元手机能做的这个质量，也只有荣耀了。性价比真的很好，我们年轻人用也完全足够。很不错屏幕超级大，外观也很漂亮，用着手感不错超级快，摄像头也超清晰，很满意的一次购物，机型也很好看，功能挺强大，重点还支持5G功能，带充电器，赠送耳机，荣耀品牌值得信赖。看了很久终于选定这款手机，外观好看，够大！还是双卡，内存也够用了！一千出头的手机能质量这么好知足了！很喜欢！还送了耳机，还有手机壳！刚使用暂时来说很不错，速度也够快。高端大气上档次！性价比超高！！屏幕还挺大的，使用起来看着不累，运行速度也快，非常灵敏。拍照清晰度简直是绝了，场景也自由调试。
pos,"外形外观： 非常好
屏幕音效： 非常好
运行速度： 非常好
待机时间： 非常好
拍照效果：非常好"
pos,"非常好外观美，拍照像素高，质感不错，值得购买
外形外观：非常漂亮
屏幕音效：完全没有噪音
拍照效果：非常清晰，晚上拍也很好
运行速度：速度快，方便操作
待机时间：比较快，其他还要用一段时间再看"
pos,"外形外观：外观不错 美观又大方 特别是拿到手里 感觉比原来的还要好?
运行速度：速度也很快 画面流畅 不** 4千块钱的手机
待机时间：待机时间很长 用了一天还没有充电 离我原来的手机好的太多 用个几年没问题
拍照效果：像素还可以 照相清晰 流畅完美 同价位的手机相当可以
屏幕音效：声音质感不错 听歌看视频声音清晰 通电话音质清晰 总体感觉不错 要是打分的话5分"
pos,"外形外观：屏幕大，适合老年人使用
屏幕音效：还是不错的效果
拍照效果：很清淅
运行速度：快，够用了
待机时间：使用后再说
其他特色：总体不错"
pos,"绝对颜值担当，手机很流畅，续航很强，总的来说还是非常给力的产品，这个价位，对的起这块CPU，总之很不错就是了。
外形外观：颜值担当很不错就是了。
屏幕音效：音效那就不说了
拍照效果：杠杠的
运行速度：一般般，但是不卡。"
pos,"给老人买的，老人非常喜欢！
外形外观：长方形的外观，手感极佳
屏幕音效：音效很好
拍照效果：清晰度高
运行速度：快
待机时间：待机时间长
其他特色：携带方便"
pos,"外形外观：高端大气，非常漂亮
屏幕音效：屏幕清晰，听音乐效果非常棒
拍照效果：牌照很棒，性价比可以
运行速度：运行速度杠杠的，不玩游戏
待机时间：大电池，很良心，待机时间长
其他特色：家人很喜欢，这个手机买的很值"
pos,"外形外观：手机颜色特别好看，非常适合夏天，很清爽
屏幕音效：屏幕看着很舒服，很清楚
拍照效果：拍照分辨率高，美颜不错
运行速度：运行速度快，不愧是荣耀
待机时间：待机时间可以，满意满意！"
pos,"外形外观：屏幕尺寸和时下流行的主流手机一样，符合大众使用要求。
屏幕音效：喇叭质量不错，声音非常清晰。
拍照效果：很清晰，像素也很高。
运行速度：杠杠的
待机时间：1～2天
其他特色：边角弧形圆润，放口袋里不会戳破裤袋。"
pos,"外形外观：外观设计漂亮，颜值高
屏幕音效：大屏幕全面屏，反应灵敏，声音很大，立体声效果好
拍照效果：超清晰
运行速度：反应很快
待机时间：电池耐用"
pos,"外形外观：魅海蓝颜色很正，高级感满满，很喜欢。
屏幕音效：屏幕高速刷屏率，护眼nice.
拍照效果：多个模式随意选择很棒，英译文很好用。
运行速度：不打游戏很够用，千元机真的很值当。
待机时间：一天正常健康用机时间玩，耗电三分之二左右。
其他特色：很多我非常喜欢的小功能，用的很方便。"
pos,考虑了很久，要性价比高的，到底是5t还是6t，6t新鲜出炉，果断入手，第一次用荣耀的手机，之前一直都是用苹果的，没有对比就没有伤害，用我的6S和6t对比，虽然6t用的是天玑700，日常使用，完全不卡，非常流畅，打开app秒开，又没有杀后台这个现象，大爱加大赞，连续看二个小时视频，加抖音，加头条，***，加看小说，不玩游戏，发热非常轻微，6S刷抖音半小时己经热到爆了，5000毫安大电池并不是吹的，重度使用，由早到晚还有30电量，一般使用二天一充，充电特快，和我爷爷级别的6S对比，一个天上一个地下，拍照效还可以的，没有网上说的哪么差，拍照效果我很满意。外放喇叭太大声了，我一般开音量一半或以下，我买的是低配8+128，日常使用足够，基本功能都有。唯一一个不是很满意的是，用流量贼快，已经用4g网络了，还好我流量够多，日间用流量晚上用wifi，一天使用下来超过一个猪未到达二个猪。最后一句，荣耀play6t值得拥有，不要看网上垃圾水军评论
pos,"外形外观：外观精美，看起来不像1000多的手机。
屏幕音效：屏幕清晰，音质也不错。
拍照效果：拍照清楚，很不错。
运行速度：运行速度快，老年人用足够了。
待机时间：待机时间一天完全没问题。"
pos,"外形外观：外观可喜欢可贺，非常喜欢喜欢呢
屏幕音效：很好
拍照效果：扫码级别的拍照
运行速度：流畅够用啦
待机时间：长，实用，一天两重吧。。"
pos,"以下评价
外形外观：感觉设计还是非常不错的，能打
屏幕音效：看电影为什么的可以的，我是带耳机看的
拍照效果：拍了一百多米可以放大 还是清除的，
运行速度：还是很快的，打游戏没问题
待机时间：用15个小时还是可以的"
pos,这个手机刚拿到手，质感方面不错，外观也可以，开机试了下。游戏方面英雄联盟高性能模式全开，不卡。玩半个小时手机发热状态还行。看电影方面画质不错。音响也可以。电池方面，电池还是比较耐用。50电量可以用一下午。在千元机里面，感觉很不错，很实用的一款手机
pos,"外形外观：给轻奢 适合小年轻
屏幕音效：打游戏的时候感觉还不错的样子的时候都
拍照效果：刚刚好，可以很清楚的
运行速度：很快，还是非常的快的，毕竟华为在这里
待机时间：用了，差不多12个小时 够用了
其他特色：主要是非常的好看"
pos,"这个
外形外观：非常好看，
拍照效果：感觉刚刚好
运行速度：打打游戏都非常的没问题
待机时间：用了12个小时 还有电
其他特色：主要是外观精美"
pos,之前有用过T4系列的，用的一直不错，现在买了6的货物已经收到了，有几个新功能，整体用了几天非常满意
pos,"很轻薄，如果不用套的话，手感一绝， 用了也比之前买过的手机好。功能方面也都不错，很好用的系统，操作流畅。充电有22.5W超级快充，差不多够用吧。
外形外观：非常轻薄
运行速度：超快"
pos,"外形外观：轻薄，好看
屏幕音效：效果不错
拍照效果：千元机水平
运行速度：流畅，优化不错，不玩游戏跟旗舰机差不多
待机时间：充电快
其他特色：系统不错，很多人性化设置，推荐荣耀"
pos,"外形外观：外观设计优秀
运行速度：8g内存，运行流畅
屏幕音效：声音大，适合老年人使用
拍照效果：拍照杠杠的
待机时间：大容量电池，待机时间长"
pos,"外形外观：外观时尚设计，简约风当备用机也随时拿的出手。
屏幕音效：清晰度很高，比华为一线稍微差一点。
拍照效果：比较少用，不爱自拍，反正肯定够用的
运行速度：暂时没有卡顿，挺好！"
pos,手机灵巧，反应极快，使用方便，荣耀性价比较高，物超所值，色样好看，各方面都很满意。
pos,"1、 重量轻，明显感觉到比之前的mate30 pro要轻便很多，拿在手里正合适。也因为尺
2、动画流畅，比起鸿蒙来说还是优秀一点点的。
3、好看。
4、face id灵敏，日常使用体验好于mate30 pro的面部识别。
5、振动体验优秀，可惜不会再有ihone&amp;以及之前那种home键的体验了
6、小组件很智能很好用。"
pos,"外形外观：外观设计的不错，颜值很好！
屏幕音效：音效不错，声音够大。
拍照效果：拍照方面嘛，绝对够用，毕竟价格在这摆着呢。
运行速度：运行内存大，8G运行内存，速度快的很。256G储存空间，简直可怕，在这个价位段里。无敌的存在！"
pos,"手机非常棒，运行流畅，外观设计好看，老年人用手感很好，屏幕显示清晰，一次性买了两台，老人家爱不释手的
外形外观：设计感强
屏幕音效：音质很好一
拍照效果：拍照够用
运行速度：新机器没的说
待机时间：两天"
pos,"外形外观：高大上
屏幕音效：宽大好看，音质立体
待机时间：很长
运行速度：很快
其他特色：总体很完美 性价比很高，简**买运存都是很不错的"
pos,"外形外观：外观很漂亮，侧边指纹解锁比较新颖。
待机时间：待机时间长，不怎么发热，能玩一天。
拍照效果：像素比较清楚的，性价比很高，妈妈很喜欢。
其他特色：价格实惠，运行速度也快，功能很强大，尺寸不大不小，手感很好。"
pos,"外形外观：外观造型吸引人，送给父母用的。
屏幕音效：正常效果，屏幕要大一些，声音不错，老人喜欢开到最大声。
拍照效果：效果还不错，外出拍拍风景什么的。
运行速度：特色的内存8+2G很不错。"
pos,手机很好用，屏幕大，字体清晰，电池容量大，可用时间长，系统流畅。性价比非常高。外观很漂亮，拿在手中很大气。屏幕中规中矩，音量和音质效果都不错。重点说下镜头，拍照效果一如既往，杠杠的。系统运行速度还可以，尚未玩游戏，没办法给出更多评论，待玩儿游戏后再来评论
pos,"外形外观：非常满意非常漂亮
拍照效果：拍照特清晰
运行速度：运行速度很快非常喜欢，手机颜色好看，大气，拿在手上手感好，使用起来，速度挺快，大电量不用天天充电挺好。照相效果也挺好，带广角的，有景深感。性价比高，希望多用段时间。"
pos,"买给家人使用的，家人很喜欢?，手机挺好用，性价比高，还是5g手机，值得信赖，推荐
外形外观：好看家人喜欢
屏幕音效：护眼音质也不错
拍照效果：拍照像素挺好
运行速度：快
待机时间：长
其他特色：性价比高的一块千元机
手机在用就没拍到实物了"
pos,"给婆婆买的，很好，速度快，256的随便拍照?，随便玩！
外形外观：非常好看，大气！
屏幕音效：清晰，声大
运行速度：很快很好！
待机时间：足够老人用的！"
pos,"外形外观：完美，是我喜欢的类型
拍照效果：清晰，足够用
运行速度：很快，没有卡顿
待机时间：很长，
屏幕音效：很棒
其他特色：价钱合理，新款新颖"
pos,"外形外观：屏幕很大，银灰色也很好看
屏幕音效：屏幕很大，声音很大
拍照效果：拍照也可以，
运行速度：使用了几天感觉还可以，
待机时间：5000大容量电池，待机超长
其他特色：买给老人用的，很好用。"
pos,"外形外观：手感很不错
屏幕音效：声音很大给老人用很好
拍照效果：还行拍照效果
待机时间：相对比较长
运行速度：运行速度流畅"
pos,"外形外观：好看大气
屏幕音效：声音大
拍照效果：自带美颜
待机时间： 用一天还有40%电，充电快
运行速度：快"
pos,给家里老人买的，5G手机信号强，外观设计非常好看，屏幕够大，内存容量大，老人非常喜欢，京东物流超级快，点赞?
pos,老公手机摔了，昨天在京东选了荣耀Play6T 6.74英寸的手机，送货很快。高刷护眼屏 ，侧边指纹解锁 ，5000mAh大电池，8GB+128GB，足够用了。颜色选的钛空银，低调，蛮喜欢的，新机运行蛮快。嗯，家里手机都是荣耀。不错。
pos,"外形外观：屏幕很大
运行速度：舒服很快
待机时间：待机时间一如既往的长
其他特色：价格实惠
屏幕音效：这个价位，这么大的屏幕，无敌了
拍照效果：拍照出错，还没有试试夜景随后追评"
pos,外观很满意，手感丝滑，反应很快，价格也合适，京东物流给力
pos,"外形外观：高端大气上档次，屏幕大。
屏幕音效：棒棒哒，好的没话说。
拍照效果：拍照清晰，超级喜欢。
运行速度：速度快，看电视，刷视频，玩游戏都很顺畅
待机时间：充一次电能用一天"
pos,"挺好的，非常好看，质感不错第一次买，觉得真的不错，绝对秒杀苹果机
屏幕音效：棒
外形外观：美丽
拍照效果：清晰度很高
运行速度：快，没卡，"
pos,"外形外观：银色的外壳很漂亮，造型时尚
屏幕音效：圆点大屏很清晰
拍照效果：三摄像头拍照很爽
运行速度：8G128G运行很流畅
待机时间：大容量电池够用"
pos,外观很时尚，好看，外形设计很合理！！！屏幕大，清晰，亮度很好，音效不错。拍照效果很高，满足日常需求。运行速度快，待机时间长。总的来说很满意！
pos,"给妈妈买的，便宜又好用，对于一般操作很够用，
外形外观：大气简约，颜色很好看
屏幕音效：声音字迹清晰，
拍照效果：摄像头还可以
运行速度：内存够用，运行还很快
待机时间：咱就是说  荣耀的电池真的很nice"
pos,"外形外观：很大气简约，黑色这个低调奢华有内涵
屏幕音效：不吃，触屏灵敏，音响效果非常棒
拍照效果：拍照很好，拍出来人像清晰自然，还自带美颜
运行速度：感觉不错的，游戏也可以常来玩"
pos,"高刷护眼大屏，显示效果不错。5000毫安电池，保证续航。8G内存。系统上手很快，优化很好。充电速度，22.5W, 支持5G，摄像头一般。老人日常使用是个不错的选择。"
pos,"货真价实，高颜值，高品质，一分钱一分货，材质外观和质量一看就很上档次，非常喜欢???????????
外形外观：颜值爆表漂亮
屏幕音效：高清清晰
拍照效果：杠杠的
运行速度：8+128够用"
pos,"荣耀品质还是不错的，昨天下单，今天到，
外形外观：大气
屏幕音效：喜欢的效果
拍照效果：美颜满分??
运行速度：目前速度飞快
待机时间：用一段时间再来评
其他特色：总体来说，千把块钱有这样的品质，不错，"
pos,"外形外观：雅致，设计合理！
屏幕音效：非常棒！也可以声音很大！
拍照效果：真的很不错哦，必须支持国产机！
运行速度：8G运行内存那可不是盖的！
待机时间：待机时间也比较满意！
其他特色：都很不错！"
pos,"到货快，手机速度也很快，看视频看新闻都很流畅，买手机我就是到京东。
外形外观：外观大方得体。
屏幕音效：看视频音频效果良好。
拍照效果：拍照清晰，功能齐全。
运行速度：运行速度，快看视频，看新闻，玩游戏，都可以满足基本要求。
待机时间：待机时间足够一天。"
pos,"给老妈买的母亲节礼物，她很喜欢。
外形外观：外形外观简单大方
屏幕音效：屏幕音效很不错
拍照效果：拍照效果很不错
运行速度：运行速度很快
其他特色：买了个手机壳，老妈更喜欢了！"
pos,"外形外观：大，亮，宣

屏幕音效：整体不错
拍照效果：还好
运行速度：完全够用
待机时间：超长待机"
pos,"外形外观：简约漂亮啊！
屏幕音效：绚丽多姿多彩，音色纯正！
拍照效果：清晰真实。
运行速度：相当快！
待机时间：长， 超级耐用！
其他特色：超级新品，性价比高！"
pos,"给老人买的非常好用的，屏幕大，效果好，推荐推荐
外形外观：外观好看，有质感，很舒服
屏幕音效：屏幕大，字也大
待机时间：电池耐用"
pos,"外形外观：整体造型很不错，手感很好，很舒畅，拿着感觉很好
运行速度：运行速度可以，毕竟也是今年新出的，希望可以用多几年。日常就是看视频，目前使用感觉没有什么问题
待机时间：待机时长确实很长，不需要经常充电，不错?
拍照效果：拍照还行，不过拍得不多。希望以后也能很好用
发货速度：发货真的很快，第二天就拿到手机了，真不错"
pos,"外形外观：外观挺大很大气，比一般手机大，拿着还是比较舒服的！
屏幕音效：屏幕6.7寸很大，够用了！
拍照效果：拍照效果还不错，晚上也还可以！
运行速度：毕竟新出的还是比较快的！期待使用三月后的速度！
其他特色：性价比比较高，毕竟1200左右，价在这了"
pos,"外形外观：白色闪闪的，很漂亮
屏幕音效：屏幕够大，作为备用机手感很好，也不重
拍照效果：三个摄像头，效果足够赞
其他特色：千元5G双卡，玩游戏不成问题"
pos,很不错的手机，反应速度也很快，屏幕很清晰，物美价廉，值得够买
pos,"物流很快，很喜欢推荐大家购买，
外形外观：高端大气上档次
屏幕音效：我自己感觉声音有点小
拍照效果：很清晰
运行速度：很快
待机时间：一天"
pos,"外形外观：非常漂亮
屏幕音效：屏幕分辨率高，音效好
拍照效果：拍照足够满足日常需求
运行速度：运行速度快，非常流畅
待机时间：待机时间长，充满一天半没问题
其他特色：在京东自营买了N个手机，品质有保障，基本上三年内没出现任何品质问题，至于时间久了，电池不耐用是各手机品牌通病，也基本上用个三年差不多了."
pos,"外形外观：大屏手感细腻，妈妈说特别好用。
屏幕音效：音质很好，给妈妈买的，声音还挺大。
拍照效果：很清晰，拿回来就试像素了。 
运行速度：速度简直是杠杠的，运行速度6G."
pos,"外形外观：大小 厚度都很适合
拍照效果：给父母用 功能足够了
运行速度：新手机速度还是很快的
屏幕音效：屏幕分辨率数据还是很不错的"
pos,"手机使用舒服，速度流畅
外形外观：时尚高大气派
屏幕音效：分辨率高，显示清楚！
拍照效果：拍照清晰
运行速度：速度流畅，待机时间长"
pos,宝贝已收到，手机屏幕非常大，显示清晰，运行速度快，妈妈再也不担心手机卡了！通信音质：信号很好，网速快，我 其他特色：电池续航也非常强大 显示效果：屏幕很细腻，非常满意。好奈斯的卖家呢！手感质量都相当高大上呢！拿手里格外的舒服，应该说炒鸡棒棒哒啊！包装看起来很好，包得很用心，物超所值！上一部手机用了3，4年，华为荣耀一零，用到现在还挺好的，有点舍不得换，这个我肯定放心，好评没说的。
pos,手机非常漂亮，同价位配置也很高，性价比非常高，荣耀值得拥有！
pos,"外形外观：好看大爱
屏幕音效：很棒
拍照效果：很棒
运行速度：满意
待机时间：颜值高形容不出来的好看用着顺拿着舒服"
pos,"屏幕音效：很大声，够清晰
拍照效果：还行，买个爸爸用的
运行速度：很滑顺，不会卡了，大内存
外形外观：颜值很高
二次回购"
pos,"外形外观：簡單大方
屏幕音效：很好
拍照效果：清楚
运行速度：很快
待机时间：长
其他特色：都很好"
pos,"外形外观：非常美丽炫彩
屏幕音效：妈妈很喜欢
拍照效果：一流
运行速度：很快
待机时间：很长
其他特色：摄像设计风格现代"
pos,给老爸买的手机，他之前也一直用的华为，很信任这个牌子，手机质量可以的。这个蓝色也很好看，新手机运行速度还是挺快的，很流畅，声音也可以，对拍照没太大要求，这个像素可以的了。待机时间挺长，好?
pos,"外形外观：外观漂亮，
屏幕音效：屏幕音效：宽大，清楚 
拍照效果：超清晰，太好了
运行速度：一点都不卡，特别快
待机时间：好长好长
其他特色：超值"
pos,很不错，很满意，物流也很快，给妈妈用的，希望老妈会喜欢。试用了一下，系统流畅，目前满分
pos,"外形外观：颜值很高，用起来很方便，不占地方，很满意。
屏幕音效：效果很好，很满意，我买的是蓝色的，一直在用这款
拍照效果：清晰度：很好 运行速度：很快 屏幕效果：很清晰 外形外观：很好看。
运行速度：速度快，服务态度好，快递员服务态度好，赞一个！"
pos,"外形外观：很好看
运行速度：很快，值这个价格
待机时间：不玩游戏的情况下几天一充完全不是问题
拍照效果：自带一点美颜，照出来很自然"
pos,"外形外观：颜色好看，上档次
屏幕音效：屏幕大，透亮又清晰，效果很好
拍照效果：像素棒棒的很清晰，
其他特色：手感很好，性价比也高"
pos,"外形外观：好看
屏幕音效：很不错
拍照效果：杠杠的，如下图效果
运行速度：非常好
待机时间：不错子
其他特色：性价比超高"
pos,"外形外观：大气上档次，手感好
拍照效果：清晰度高，聚光好
运行速度：非常快打王者荣耀吃鸡没问题
屏幕音效：屏幕高，清音质好值得入手"
pos,"外形外观：手机屏幕非常大，对老年人来说很友好
屏幕音效：音效好，听的很清晰
拍照效果：拍照还可以要求不高
运行速度：速度真不错
待机时间：待机时间很长
其他特色：性价比高"
pos,"发货超快，超快，当天下单，第二就到，快快快
运行速度：快
待机时间：久
拍照效果：清
屏幕音效：高清
外形外观：酷
其他特色：划算"
pos,手机整体手感不错，孩子们喜欢！试用了一段时间挺好的！网络流畅，外形精美！拍照效果清晰，通话视频音效都很好，待机时间长，值得购买！
pos,这个价格真的很便宜，而且还配了耳线，非常喜欢，而且下单也很快，昨天下午6点多拍，今天早上9上多就收到了，不用再为网课烦恼，
pos,"给妈妈买的，性价比很高，很满意。手机反应速度快，网速也快。
京东物流很快，第二天到货，小哥服务态度很好。
给京东客服点赞，解答问题及时高效。
外形外观：完整，黑色yyds
屏幕音效：清晰
拍照效果：高清
运行速度：快
待机时间：较长"
pos,"外形外观：很好看
屏幕音效：声音很响亮
拍照效果：像素很好
运行速度：快
待机时间：长"
pos,"外形外观：好看
屏幕音效：杠杠滴
拍照效果：一般
运行速度：贼快
待机时间：够
其他特色：无"
pos,"外形外观：颜值爆表
屏幕音效：超窄边框
拍照效果：完全够用
运行速度：十分流畅
手机界天花板 老人够用 特别好看 非常好"
pos,"外形外观：这个外观特别的好看
拍照效果：拍照很清晰
运行速度：玩游戏一点都不卡
待机时间：待机时间很长，没打游戏两天一充都可以"
pos,"外形外观：漂亮
运行速度：快
屏幕音效：清晰
待机时间：长
拍照效果：清楚
其他特色：手感很好"
pos,"外形外观：还不错，拿在手里很大气。
屏幕音效：这个价位上来看还阔以。
拍照效果：能用，扫码也挺快的。
运行速度：目前来看非常OK。
待机时间：充一次用一天吧。"
pos,手机挺漂亮的，手机很薄。能够满足需求，玩游戏也很流畅。总体性价比很高！摄像头做的也不错，拍照效果挺好的，比较清晰，充电也特别快，手机很好看，手感特别舒服！操作起来更流畅，屏幕分辨率也没的说，而且也买了两台给父母，一人一台
pos,"外形外观：很漂亮
屏幕音效：清晰大声
拍照效果：色彩清晰
运行速度：流畅不卡顿
待机时间：待机还可以"
pos,"外形外观：做工精细，满意，时尚大气
拍照效果：拍照非常清晰
运行速度：运行速度很快
宝贝收到了，质量很不错，包装精致，材质优秀，比想象中好，送礼自用非常合适，下次继续购买！这次趁着深圳发消费券购买更加优惠"
pos,"外形外观：全屏手机大气上档次，
屏幕音效：音质效果不错，堪比几千块的手机
拍照效果：拍照像素很清晰
运行速度：运行一点也不卡，"
pos,"外形外观：很好看
屏幕音效：音质好
运行速度：快
拍照效果：很高清
待机时间：长"
pos,"外形外观：手机不大不小，银色的外壳非常靓丽，看上去很时尚精致的颜色，非常不错
屏幕音效：屏幕还可以，我也不是专业人士不太懂
拍照效果：还不错，挺清楚的
其他特色：外观好看，拿在手里握着舒服"
pos,"外形外观：外观设计十分简约时尚，科技感十足，棱角十分圆润。
屏幕音效：目前是效果清晰，对于千元机来说，这是一款十分惊艳的产品。
拍照效果：拍照效果也是比较清晰的，摄像显示很给力。"
pos,"外形外观：银色很好看 特别漂亮
屏幕音效：音效很不错
拍照效果：拍照质量很好
运行速度：运行速度快 流畅不卡顿
总的来说性价比很高"
pos,"这款手机便宜大储存容量，送给老人非常好，老人也很喜欢，平时拍拍照录录像、刷刷头条新闻，不玩游戏足够用了,很好,便宜实惠,送给老人很好，机真的手感挺好的,然后手机拿到手后,感觉是非常不错的,这款手机就很轻,一直用的都是荣耀,之前账号里面有很多图片,信息之类的,保存在云空间里，备份恢复非常方便，满意。"
pos,"外形外观：好看
屏幕音效：正常
拍照效果：好
运行速度：快
待机时间：长
其他特色：非常好"
pos,"外形外观：好看比较有质感
屏幕音效：不错
拍照效果：很好
运行速度：比较快
待机时间：很长"
pos,"外形外观：好看
屏幕音效：很好
拍照效果：清晰
运行速度：非常快
待机时间：长"
pos,"颜值很高，中规中矩的，超薄。说实话这外观和电池续航
能力真的不错，前面摄像头要是在左上角就更完美了，处
理器不高，对于我这种不玩游戏的人绰绰有余，喜欢玩大
型游戏的应该不是很给力。喜欢的可以入手。性价比还是
不错的，我买的256g，够用了"
pos,手机很好，拍照效果很好。运行速度很快。手感很好。背板不沾染指纹。屏幕质量很好。通话话质清晰稳定。手机操作流畅。很不错。
pos,"外形外观：相当满意
屏幕音效：不错
拍照效果：没话说
运行速度：很好
待机时间：还行"
pos,"外形外观：大器！
屏幕音效：不错！
拍照效果：模糊！
待机时间：很长！
运行速度：还行！
其他特色：?多！"
pos,"外形外观：美，海蓝色，色很正
屏幕音效：音量大
拍照效果：很好
运行速度：快，不卡机"
pos,"外形外观：很好看的一部机子，拿到手机也很有质感
屏幕音效：清晰明亮
拍照效果：不卡顿
运行速度：比以前的老机子快多了，一点也不卡"
pos,"外形外观：美观大气上档次
屏幕音效：音效不错
拍照效果：清晰度不错
运行速度：快
待机时间：可调"
pos,"手机不错，性价比挺高，很喜欢，帮同事买的，很不错
外形外观：挺漂亮的
屏幕音效：还不错
拍照效果：清晰
运行速度：速度还可以
待机时间：时间很久
其他特色：性价比高"
pos,"外形外观：大气实用
屏幕音效：很清晰
拍照效果：很实用
待机时间：正常一天，
运行速度：运行很快"
pos,"物美价廉
外形外观：好看
屏幕音效：完美
拍照效果：清晰
运行速度：超快
待机时间：长久"
pos,"外形外观：外观漂亮
屏幕音效：音质非常好
拍照效果：拍照也比较清楚
运行速度：运行速度较快
待机时间：待机时间较长
其他特色：非常好，物美价廉"
pos,"这次包装好很多，发货速度快，东西也不错，价格跟机子性价比成对等比。适合备用机，也不会太卡。
拍照效果：拍照效果一般
屏幕音效：屏幕不刺眼
运行速度：速度快
待机时间：待机时间好。"
pos,"外观：正面和背面都特别好看，颜值在线，拿在手里重量感适中，不会很滑。
性能：8G运行内存，128G存储内存，这么高的配置才不到1500，荣耀在性价比这块没得说"
pos,"外形外观：外观设计时尚！
屏幕音效：屏幕分辨率很高！音效也不错！
拍照效果：拍照效果非常好！
运行速度：运行非常顺畅！没有卡机现象。"
pos,"包装完整
外形外观：颜值高 质量很好  整体色彩明亮
拍照效果：自带美颜功效 拍摄流畅 操作起来相当简单"
pos,"外形外观：大屏幕，手感不错
运行速度：运行速度快，不卡顿
待机时间：电池容量超级大，待机时间长"
pos,"外形外观：可以
屏幕音效：好
拍照效果：还行
待机时间：很好
运行速度：很好音质好"
pos,"非常棒。性价比手机中的战斗机！支持国产，支持华为！中国制造，为国为民
外形外观：蓝色盖，十分吸眼。
拍照效果：像数也不错
运行速度：运行非常棒，十分流畅"
pos,手机很好看，磨合容易，屏幕清晰，运行速度快。功能强大，内存十足，入门级机器。额外买了京东的三年全包，非常划算，满意！
pos,很好用 屏幕观感贼好哈哈哈哈外形很好看很漂亮 拍照效果也很强 就是前置不行 运行速度快的一p 待机时间长 打王者也很顺畅
pos,手机真的手感挺好的，下单之前觉得摄像头像苹果的，会有点不太喜欢，然后手机拿到手后，感觉是非常不错的，然后其他手机普遍都比较重，这款手机就很轻，一直用都是荣耀，所以很快就上手了，电池续航很好，显示效果也不错，整体很满意，也很喜欢，物流也是很快，赞
pos,"手机非常好，画面流畅，使用大小合适，不错的选择。会回购的！
运行速度：非常流畅、非常快
拍照效果：效果非常好"
pos,头条晚上下的到  第二天一早就收到了手机  立即打开试  太超值的一款手机啦   内存大 运行速度极快 屏幕大 款式漂亮  待机时间还很长   荣耀国货的精品  绝对超赞
pos,"外形外观：黑色大气简约，后面摄像头设计也很漂亮。
屏幕音效：大屏高清显示，色彩鲜艳清晰。
待机时间：待机时间比PRO长
老人用，足够了，经济实惠"
pos,隔天到的，拿到手机比想象的好，屏幕很大，续航也不错，用了一天也还有电，然后运行速度很可以的，虽然不能玩大型游戏，但是作为办公或者备用机很好。
pos,给公公买的，产品质量很好，外观设计很漂亮，屏幕和音效显示都没有问题，拍照效果也不错，运行速度特别快，待机时间很长，主要是内存大价格还便宜。性价比很高，充电速度特别快，着急的时候，只要充电几分钟，基本上就能充很多电
pos,"外形外观：好看
拍照效果：很清晰
待机时间：用蛮久的，
运行速度：非常好。
屏幕音效：很棒"
pos,外形外观真的太漂亮了！质感非常好！屏幕音效：屏幕＠彩艳丽高刷流畅拍照效果：拍照够用运行速度自己去查一下都用在什么价位的手机上！待机时间：大电池配充电器他特色：强烈建议买
pos,"第一次购买这个品牌的手机
外形外观：外观还是比较大气，质感很好
屏幕音效：屏幕很清晰
拍照效果：拍照效果很好
运行速度：运行速度很快"
pos,"手机反映挺快，给妈妈买的千元机拍照已经很不错了。
外形外观：喜欢
拍照效果：nice
运行速度：快，日常聊天够用，不打游戏"
pos,"买给老伴的，很适合。
外形外观：漂亮
屏幕音效：真的很好
拍照效果：很清晰
运行速度：新机子速度不会很慢，用段时间看吧"
pos,刚刚上市的新款手机，买两部给父母一人一部，做工非常漂亮，直接带有贴膜和透明壳，太方便了，手机设置了好一会，调成老年人方便用的模式，父母很满意。没有畅连通话功能，希望以后能用上吧
pos,"外形外观：6.7大屏玩游戏，看视频都够用了
拍照效果：拍照效果：拍照很清晰不怕抖动
待机时间：电池容量5000超长待机时间"
pos,"手机收到了，发货快包装完好无损，质量很好，
拍照效果：很好，
屏幕音效：非常好，
外形外观：很漂亮，
运行速度：非常快，"
pos,"外形外观：非常好看，非常时尚
屏幕音效：目显示很心里印象非常好
拍照效果：拍照很清楚，很清楚
运行速度：运行速度很快。。。。。。"
pos,"外形外观：很漂亮，超薄机身线条完美
屏幕音效：大屏幕视野开阔，音响效果
拍照效果：拍照效果完美，和相机一样"
pos,"运行速度：非常好用  开几应用加打游戏不不带卡的，值得推荐给大家，
待机时间：可以用2天不用充电
拍照效果：清晰度高，自带美颜，会推荐给我身边的人"
pos,"手机
外形外观：好 
屏幕音效：好
拍照效果：好
运行速度：快
待机时间：长
其他特色：最新款"
pos,"外形外观：外形外观：很 好
屏幕音效：很好
拍照效果：好好
运行速度：好
其他特色：好
待机时间：好"
pos,"东西很喜欢，质量也很好的，这个价格能买到是真的很划算?一打开，看到包装，太可爱了，东西也喜欢挺好的，目前没问题，很OK，比实体店优惠太多了，后续追评。
颜色是黑色的，8 128G很棒哦，尺寸6.74看视频很棒
自带透明手机壳，很不错，还有耳机线。真是良心啊???"
pos,以前老人用的那个是6+64的手机 卡的很 不好用 这次换成荣耀的 对于老年人来说 功能还是太多了 还要从头教她使用 不过很流畅 用起来很顺心 再用个几年没问题
pos,"外形外观：vivo X Fold 手机外观很震撼，折叠屏没得说，感觉很高端，很高科技的样子。
屏幕音效：屏幕也很大，挺清晰的。总体的感觉很不错。"
pos,"外形外观：大屏幕，全屏显示，极光蓝，整体很漂亮
屏幕音效：屏幕显示色彩清晰，反应快
运行速度：运行流畅，5G手机就是快，体验感很好
拍照效果：拍照效果一般，毕竟价格在那里。

?总结：京东从来不会让人失望，即使在疫情期间，配送速度也快，态度也非常好。这是帮同事买的5G手机，她本人表示很满意，价格实惠，还送了耳机?服务好，推荐给有需要的朋友，京东服务真是靠谱?"
pos,"外形外观：手机外观大气简约。
屏幕音效：声音很清晰。
拍照效果：拍照效果还可以。
运行速度：5G手机速度挺快的。
待机时间：待机时间比较长。"
pos,"运行速度：超快，开装应用快
拍照效果：效果好，带美颜
待机时间：长，充电快"
pos,拿到啦，屏幕还挺大的，超预期。盒子里面有送充电器和充电线，很划算啦。然后开机用了一下，运行速度很快，不愧是新出的机子，拍照效果也还可以。
pos,我只用了一段时间来评价的，用着很流畅，反应快不卡顿可能是新机的原因，电池也耐用，比上次我的旧荣耀用的时间长，内存大，外形也漂亮，高大上。
pos,"外形外观：比较有质感，流线设计
屏幕音效：效果突出，画面清晰
拍照效果：足够用了，很清晰。"
pos,"外形外观：漂亮大气
待机时间：时间满意
运行速度：满足日常所需
拍照效果：满足日常所需
其他特色：价格漂亮
手机价格不贵，内存大，运存多，日常使用完全胜任。"
pos,荣耀老用户了，从一而终，品质越来越好，性价比越来越高，手机非常喜欢和满意，超过预期，手机很轻薄，手感非常好，拍照的像素给我的感觉就是没什么好挑，很高清，很美颜，拍视频很高清，满足我的拍照所需，充电速度也是无可挑剔，充电五分钟开黑两小时。是正品，用的舒服。
pos,"外形外观：很好
屏幕音效：很好
拍照效果：很好
运行速度：目前比较快
待机时间：用段时间再看看"
pos,给婆婆妈买的婆婆妈很喜欢 上一个手机也用的是荣耀 用了四年多了 这次给婆婆妈买了新款的荣耀 很好的品牌 推荐大家购买送的手机壳 耳机 充电线都有 里面功能也很好 内存也大 希望能用个好几年
pos,这个手机用起来非常的流畅，空间也很大，一点都不卡，而且客服的态度也很好，很有耐心，拍照，自拍都很清晰，可以放大10倍手机音量也很大，不要担心电量的问题，待机时间较长，相比其他的手机，我觉得这个手机的价格已经是很好的，算得上很亲民。
pos,"外形外观：很漂亮

屏幕音效：显示完美，音效杠杠的
拍照效果：拍照清晰，抓拍效果好
运行速度：玩游戏很顺畅"
pos,"外形外观：喜欢
屏幕音效：超棒
拍照效果：非常满意
运行速度：超快
待机时间：满意"
pos,质量很好，屏幕大，手感很好，声音很好，屏幕护眼功能，运行流畅，指纹解锁方便，使用流畅。
pos,"好用  经济实惠
外形外观：很有创意
屏幕音效：音效很好
拍照效果：很清晰
运行速度：不卡"
pos,"真的挺不错的一个手机，很轻薄，运行速度也很快，性价比很高
拍照效果：非常清晰
运行速度：很快
外形外观：挺好看的
屏幕音效：还不错的"
pos,外观非常的时尚，买给老人用的，性价比也很高，屏幕显示很清晰，原机自带一个透明的硅胶套，送一张高清膜，我选的银色，比较耐看，摄像头的像素完全ok，老人用绰绰有余，还是5g手机，挺好的，现在安卓手机做得越来越好了，推荐入手。
pos,"运行速度：很流畅
外形外观：屏幕大
待机时间：中度使用，一天一充，还算正常
其他特色：性价比高"
pos,收到这部手机惊呆了，颜值超高！拿到手里质感很好！拍照效果也不错。运行内存超级大。真的太喜欢了！满意满意！
pos,物流很快，实物与描述的一致，包装精美，配件齐全，手机颜值高，很大器，开机很快，屏幕大，不刺眼，背光很柔和，反应快，下载也超快，操作简单易懂，很容易上手，不错的产品，大品牌，买的放心，售后也安心，继续关注，继续支持，大力推荐给身边的朋友。
pos,"外形外观：很好
屏幕音效：高清
拍照效果：高清
运行速度：快速
待机时间：间长 
其他特色：很好"
pos,"支持国产手机，真心不错，高端大气 上档次!性价比超高! 屏幕还挺大的，使用起来看着不累，运行速度也快,非常灵敏。拍照清晰度简直是绝了，场景也自由调试，美了!
非常划算，价格优惠便宜。平时买东西都喜欢挑选京东自营的产品，质量有保证，用的放心，物流速度飞快，神奇，基本第二天就到了。
给家里人用，性价比挺高的，用起来也挺舒服，就喜欢用荣耀手机，质量杠杠的，点赞！"
pos,这两个月内已经买了第2台了，上一台买给家里的老人家用的，老人家非常喜欢，这不家人看到了，又喜欢上了。这款手机很流畅，拍照很清晰，反应速度很快，内存够大，完全能满足老人家的需求，家人非常喜欢，还说等下给其他朋友。
pos,机身较轻，拿着很顺手。系统流畅，很好看，制作工艺很精美，材质也很好！给个赞！物流速度真的是没话说，就是一个字：快。商品从外包装来看非常高档，真是一分钱一分货，贵有贵的道理外观设计漂亮，尺寸大小合适，包装仔细完整，宝贝手感不错，感觉很好，发货速度快，服务态度一流，给力！5星好评！跟描述的是一样的，很显高档，物美价廉，要买的朋友可以下单噢！质量没得说，跟专卖店一样，特别特别喜欢，而且价格优惠这个产品和它价位相比来说，还是很合适的物超所值，话不多说，这四个字已经说明了一切特别特别棒，货比三家才买的，店主人很好，回答问题很有耐心，也很详细，有需要还会再来的款式很大方，质量非常好，价钱也很合理是理想中的产品，质量不错，物流也很快，值得点赞
pos,"外形外观：外观大气
屏幕音效：音 清楚
拍照效果：清晰，拍摄的相片清晰漂亮，逼真
运行速度：速度快一点都不卡"
